CWds,QSRC,PSRC,nPedca,delay_type,samples,P50_us,P95_us,P99_us
0,0,1,5,legacy,138740,1667.50,9577.50,13547.50
0,0,1,5,legacy,138740,1667.50,9577.50,13547.50
0,0,2,5,legacy,131786,1722.50,9757.50,13772.50
0,0,2,5,legacy,131786,1722.50,9757.50,13772.50
0,0,3,5,legacy,131118,1822.50,10042.50,13972.50
0,0,3,5,legacy,131118,1822.50,10042.50,13972.50
0,1,1,5,legacy,143690,1647.50,9302.50,13077.50
0,1,1,5,legacy,143690,1647.50,9302.50,13077.50
0,1,2,5,legacy,138208,1737.50,9872.50,13682.50
0,1,2,5,legacy,138208,1737.50,9872.50,13682.50
0,1,3,5,legacy,138084,1737.50,9717.50,13552.50
0,1,3,5,legacy,138084,1737.50,9717.50,13552.50
0,2,1,5,legacy,144077,1647.50,9387.50,13077.50
0,2,1,5,legacy,144077,1647.50,9387.50,13077.50
0,2,2,5,legacy,142348,1557.50,8962.50,12922.50
0,2,2,5,legacy,142348,1557.50,8962.50,12922.50
0,2,3,5,legacy,139941,1667.50,9587.50,13397.50
0,2,3,5,legacy,139941,1667.50,9587.50,13397.50
0,3,1,5,legacy,141477,1632.50,9272.50,13122.50
0,3,1,5,legacy,141477,1632.50,9272.50,13122.50
0,3,2,5,legacy,141271,1592.50,9162.50,12972.50
0,3,2,5,legacy,141271,1592.50,9162.50,12972.50
0,3,3,5,legacy,140580,1657.50,9532.50,13372.50
0,3,3,5,legacy,140580,1657.50,9532.50,13372.50
0,4,1,5,legacy,145101,1617.50,9182.50,12942.50
0,4,1,5,legacy,145101,1617.50,9182.50,12942.50
0,4,2,5,legacy,142892,1637.50,9387.50,13152.50
0,4,2,5,legacy,142892,1637.50,9387.50,13152.50
0,4,3,5,legacy,144096,1672.50,9512.50,13272.50
0,4,3,5,legacy,144096,1672.50,9512.50,13272.50
0,5,1,5,legacy,142670,1672.50,9422.50,13197.50
0,5,1,5,legacy,142670,1672.50,9422.50,13197.50
0,5,2,5,legacy,145454,1587.50,9142.50,12937.50
0,5,2,5,legacy,145454,1587.50,9142.50,12937.50
0,5,3,5,legacy,144037,1687.50,9547.50,13272.50
0,5,3,5,legacy,144037,1687.50,9547.50,13272.50
1,0,1,5,legacy,138740,1667.50,9577.50,13547.50
1,0,1,5,legacy,138740,1667.50,9577.50,13547.50
1,0,2,5,legacy,135695,1702.50,9547.50,13502.50
1,0,2,5,legacy,135695,1702.50,9547.50,13502.50
1,0,3,5,legacy,132155,1807.50,9987.50,14027.50
1,0,3,5,legacy,132155,1807.50,9987.50,14027.50
1,1,1,5,legacy,141073,1572.50,9037.50,12852.50
1,1,1,5,legacy,141073,1572.50,9037.50,12852.50
1,1,2,5,legacy,138938,1662.50,9512.50,13442.50
1,1,2,5,legacy,138938,1662.50,9512.50,13442.50
1,1,3,5,legacy,137364,1692.50,9662.50,13582.50
1,1,3,5,legacy,137364,1692.50,9662.50,13582.50
1,2,1,5,legacy,143984,1652.50,9432.50,13237.50
1,2,1,5,legacy,143984,1652.50,9432.50,13237.50
1,2,2,5,legacy,144405,1562.50,9132.50,12932.50
1,2,2,5,legacy,144405,1562.50,9132.50,12932.50
1,2,3,5,legacy,140501,1597.50,9282.50,13147.50
1,2,3,5,legacy,140501,1597.50,9282.50,13147.50
1,3,1,5,legacy,140728,1602.50,9217.50,13062.50
1,3,1,5,legacy,140728,1602.50,9217.50,13062.50
1,3,2,5,legacy,140496,1632.50,9317.50,13077.50
1,3,2,5,legacy,140496,1632.50,9317.50,13077.50
1,3,3,5,legacy,139204,1582.50,9132.50,12987.50
1,3,3,5,legacy,139204,1582.50,9132.50,12987.50
1,4,1,5,legacy,143204,1597.50,9167.50,12937.50
1,4,1,5,legacy,143204,1597.50,9167.50,12937.50
1,4,2,5,legacy,142478,1642.50,9322.50,13147.50
1,4,2,5,legacy,142478,1642.50,9322.50,13147.50
1,4,3,5,legacy,143453,1617.50,9342.50,13082.50
1,4,3,5,legacy,143453,1617.50,9342.50,13082.50
1,5,1,5,legacy,146789,1592.50,9052.50,12842.50
1,5,1,5,legacy,146789,1592.50,9052.50,12842.50
1,5,2,5,legacy,145753,1507.50,8842.50,12687.50
1,5,2,5,legacy,145753,1507.50,8842.50,12687.50
1,5,3,5,legacy,145777,1502.50,8732.50,12577.50
1,5,3,5,legacy,145777,1502.50,8732.50,12577.50
0,0,1,15,legacy,76385,2032.50,10957.50,14942.50
0,0,1,15,legacy,76385,2032.50,10957.50,14942.50
0,0,2,15,legacy,73398,2102.50,11147.50,15362.50
0,0,2,15,legacy,73398,2102.50,11147.50,15362.50
0,0,3,15,legacy,77055,2092.50,11202.50,15427.50
0,0,3,15,legacy,77055,2092.50,11202.50,15427.50
0,1,1,15,legacy,84385,1782.50,10077.50,14142.50
0,1,1,15,legacy,84385,1782.50,10077.50,14142.50
0,1,2,15,legacy,76403,2117.50,11162.50,15147.50
0,1,2,15,legacy,76403,2117.50,11162.50,15147.50
0,1,3,15,legacy,71848,2102.50,11262.50,15332.50
0,1,3,15,legacy,71848,2102.50,11262.50,15332.50
0,2,1,15,legacy,85757,1787.50,9942.50,13822.50
0,2,1,15,legacy,85757,1787.50,9942.50,13822.50
0,2,2,15,legacy,78810,1837.50,10492.50,14462.50
0,2,2,15,legacy,78810,1837.50,10492.50,14462.50
0,2,3,15,legacy,78632,2007.50,10972.50,14947.50
0,2,3,15,legacy,78632,2007.50,10972.50,14947.50
0,3,1,15,legacy,77244,1847.50,10417.50,14342.50
0,3,1,15,legacy,77244,1847.50,10417.50,14342.50
0,3,2,15,legacy,80699,1687.50,9847.50,13852.50
0,3,2,15,legacy,80699,1687.50,9847.50,13852.50
0,3,3,15,legacy,79881,1762.50,10122.50,14227.50
0,3,3,15,legacy,79881,1762.50,10122.50,14227.50
0,4,1,15,legacy,79277,1757.50,10117.50,14042.50
0,4,1,15,legacy,79277,1757.50,10117.50,14042.50
0,4,2,15,legacy,83407,1802.50,10182.50,14102.50
0,4,2,15,legacy,83407,1802.50,10182.50,14102.50
0,4,3,15,legacy,82318,1722.50,9982.50,13972.50
0,4,3,15,legacy,82318,1722.50,9982.50,13972.50
0,5,1,15,legacy,80717,1702.50,9627.50,13497.50
0,5,1,15,legacy,80717,1702.50,9627.50,13497.50
0,5,2,15,legacy,82263,1757.50,9942.50,13842.50
0,5,2,15,legacy,82263,1757.50,9942.50,13842.50
0,5,3,15,legacy,78734,1732.50,9982.50,13837.50
0,5,3,15,legacy,78734,1732.50,9982.50,13837.50
1,0,1,15,legacy,76385,2032.50,10957.50,14942.50
1,0,1,15,legacy,76385,2032.50,10957.50,14942.50
1,0,2,15,legacy,72953,2017.50,10952.50,15177.50
1,0,2,15,legacy,72953,2017.50,10952.50,15177.50
1,0,3,15,legacy,75145,1932.50,10697.50,14892.50
1,0,3,15,legacy,75145,1932.50,10697.50,14892.50
1,1,1,15,legacy,78660,1757.50,9947.50,13882.50
1,1,1,15,legacy,78660,1757.50,9947.50,13882.50
1,1,2,15,legacy,82544,1827.50,10202.50,14382.50
1,1,2,15,legacy,82544,1827.50,10202.50,14382.50
1,1,3,15,legacy,77134,1812.50,10177.50,14107.50
1,1,3,15,legacy,77134,1812.50,10177.50,14107.50
1,2,1,15,legacy,84999,1707.50,9712.50,13597.50
1,2,1,15,legacy,84999,1707.50,9712.50,13597.50
1,2,2,15,legacy,80904,1732.50,10022.50,14002.50
1,2,2,15,legacy,80904,1732.50,10022.50,14002.50
1,2,3,15,legacy,79453,1802.50,10467.50,14542.50
1,2,3,15,legacy,79453,1802.50,10467.50,14542.50
1,3,1,15,legacy,80562,1747.50,9922.50,13742.50
1,3,1,15,legacy,80562,1747.50,9922.50,13742.50
1,3,2,15,legacy,78840,1692.50,9942.50,13882.50
1,3,2,15,legacy,78840,1692.50,9942.50,13882.50
1,3,3,15,legacy,82587,1707.50,9877.50,13962.50
1,3,3,15,legacy,82587,1707.50,9877.50,13962.50
1,4,1,15,legacy,80384,1547.50,9202.50,13212.50
1,4,1,15,legacy,80384,1547.50,9202.50,13212.50
1,4,2,15,legacy,79635,1732.50,9962.50,13817.50
1,4,2,15,legacy,79635,1732.50,9962.50,13817.50
1,4,3,15,legacy,78848,1692.50,9877.50,13817.50
1,4,3,15,legacy,78848,1692.50,9877.50,13817.50
1,5,1,15,legacy,81182,1717.50,9792.50,13592.50
1,5,1,15,legacy,81182,1717.50,9792.50,13592.50
1,5,2,15,legacy,82006,1657.50,9832.50,13672.50
1,5,2,15,legacy,82006,1657.50,9832.50,13672.50
1,5,3,15,legacy,80328,1647.50,9662.50,13792.50
1,5,3,15,legacy,80328,1647.50,9662.50,13792.50
0,0,1,5,pedca,35293,1147.50,6087.50,11292.50
0,0,1,5,pedca,35293,1147.50,6087.50,11292.50
0,0,2,5,pedca,40209,1137.50,3472.50,9527.50
0,0,2,5,pedca,40209,1137.50,3472.50,9527.50
0,0,3,5,pedca,40677,1162.50,3002.50,7037.50
0,0,3,5,pedca,40677,1162.50,3002.50,7037.50
0,1,1,5,pedca,32659,1292.50,5302.50,10757.50
0,1,1,5,pedca,32659,1292.50,5302.50,10757.50
0,1,2,5,pedca,37086,1357.50,3542.50,9182.50
0,1,2,5,pedca,37086,1357.50,3542.50,9182.50
0,1,3,5,pedca,37153,1357.50,3262.50,6612.50
0,1,3,5,pedca,37153,1357.50,3262.50,6612.50
0,2,1,5,pedca,33220,1532.50,5887.50,10342.50
0,2,1,5,pedca,33220,1532.50,5887.50,10342.50
0,2,2,5,pedca,34617,1532.50,5327.50,7697.50
0,2,2,5,pedca,34617,1532.50,5327.50,7697.50
0,2,3,5,pedca,35661,1592.50,5272.50,6952.50
0,2,3,5,pedca,35661,1592.50,5272.50,6952.50
0,3,1,5,pedca,36178,1667.50,7232.50,10562.50
0,3,1,5,pedca,36178,1667.50,7232.50,10562.50
0,3,2,5,pedca,36230,1597.50,6732.50,8972.50
0,3,2,5,pedca,36230,1597.50,6732.50,8972.50
0,3,3,5,pedca,36345,1627.50,6707.50,8662.50
0,3,3,5,pedca,36345,1627.50,6707.50,8662.50
0,4,1,5,pedca,33476,1612.50,8007.50,10697.50
0,4,1,5,pedca,33476,1612.50,8007.50,10697.50
0,4,2,5,pedca,35235,1682.50,7967.50,10367.50
0,4,2,5,pedca,35235,1682.50,7967.50,10367.50
0,4,3,5,pedca,33176,1687.50,7982.50,10322.50
0,4,3,5,pedca,33176,1687.50,7982.50,10322.50
0,5,1,5,pedca,34850,1872.50,9327.50,12312.50
0,5,1,5,pedca,34850,1872.50,9327.50,12312.50
0,5,2,5,pedca,32914,1862.50,9297.50,12022.50
0,5,2,5,pedca,32914,1862.50,9297.50,12022.50
0,5,3,5,pedca,33462,1907.50,9482.50,12202.50
0,5,3,5,pedca,33462,1907.50,9482.50,12202.50
1,0,1,5,pedca,35293,1147.50,6087.50,11292.50
1,0,1,5,pedca,35293,1147.50,6087.50,11292.50
1,0,2,5,pedca,37095,1102.50,3837.50,9452.50
1,0,2,5,pedca,37095,1102.50,3837.50,9452.50
1,0,3,5,pedca,39499,1107.50,3477.50,8847.50
1,0,3,5,pedca,39499,1107.50,3477.50,8847.50
1,1,1,5,pedca,35373,1332.50,7042.50,11727.50
1,1,1,5,pedca,35373,1332.50,7042.50,11727.50
1,1,2,5,pedca,36012,1327.50,6447.50,11477.50
1,1,2,5,pedca,36012,1327.50,6447.50,11477.50
1,1,3,5,pedca,36961,1267.50,6027.50,10987.50
1,1,3,5,pedca,36961,1267.50,6027.50,10987.50
1,2,1,5,pedca,32647,1642.50,7772.50,12667.50
1,2,1,5,pedca,32647,1642.50,7772.50,12667.50
1,2,2,5,pedca,32155,1462.50,6802.50,11692.50
1,2,2,5,pedca,32155,1462.50,6802.50,11692.50
1,2,3,5,pedca,35455,1482.50,6857.50,12227.50
1,2,3,5,pedca,35455,1482.50,6857.50,12227.50
1,3,1,5,pedca,36747,1577.50,8017.50,12827.50
1,3,1,5,pedca,36747,1577.50,8017.50,12827.50
1,3,2,5,pedca,36814,1542.50,7767.50,12427.50
1,3,2,5,pedca,36814,1542.50,7767.50,12427.50
1,3,3,5,pedca,38261,1507.50,7672.50,11877.50
1,3,3,5,pedca,38261,1507.50,7672.50,11877.50
1,4,1,5,pedca,35005,1632.50,8797.50,13042.50
1,4,1,5,pedca,35005,1632.50,8797.50,13042.50
1,4,2,5,pedca,35236,1672.50,9122.50,13897.50
1,4,2,5,pedca,35236,1672.50,9122.50,13897.50
1,4,3,5,pedca,34635,1572.50,8967.50,14182.50
1,4,3,5,pedca,34635,1572.50,8967.50,14182.50
1,5,1,5,pedca,32536,1632.50,9417.50,13462.50
1,5,1,5,pedca,32536,1632.50,9417.50,13462.50
1,5,2,5,pedca,33226,1607.50,9232.50,13242.50
1,5,2,5,pedca,33226,1607.50,9232.50,13242.50
1,5,3,5,pedca,33393,1547.50,9142.50,13532.50
1,5,3,5,pedca,33393,1547.50,9142.50,13532.50
0,0,1,15,pedca,90655,1297.50,8052.50,13307.50
0,0,1,15,pedca,90655,1297.50,8052.50,13307.50
0,0,2,15,pedca,90964,1332.50,6927.50,12797.50
0,0,2,15,pedca,90964,1332.50,6927.50,12797.50
0,0,3,15,pedca,86361,1297.50,4862.50,11427.50
0,0,3,15,pedca,86361,1297.50,4862.50,11427.50
0,1,1,15,pedca,87770,1392.50,7262.50,12217.50
0,1,1,15,pedca,87770,1392.50,7262.50,12217.50
0,1,2,15,pedca,91544,1527.50,6462.50,12247.50
0,1,2,15,pedca,91544,1527.50,6462.50,12247.50
0,1,3,15,pedca,94884,1522.50,5172.50,11727.50
0,1,3,15,pedca,94884,1522.50,5172.50,11727.50
0,2,1,15,pedca,87607,1642.50,6907.50,11762.50
0,2,1,15,pedca,87607,1642.50,6907.50,11762.50
0,2,2,15,pedca,91952,1697.50,6127.50,10707.50
0,2,2,15,pedca,91952,1697.50,6127.50,10707.50
0,2,3,15,pedca,90921,1777.50,6147.50,10002.50
0,2,3,15,pedca,90921,1777.50,6147.50,10002.50
0,3,1,15,pedca,95822,1827.50,7987.50,11812.50
0,3,1,15,pedca,95822,1827.50,7987.50,11812.50
0,3,2,15,pedca,93591,1672.50,7287.50,10092.50
0,3,2,15,pedca,93591,1672.50,7287.50,10092.50
0,3,3,15,pedca,93563,1672.50,7217.50,9557.50
0,3,3,15,pedca,93563,1672.50,7217.50,9557.50
0,4,1,15,pedca,96336,1727.50,8672.50,11747.50
0,4,1,15,pedca,96336,1727.50,8672.50,11747.50
0,4,2,15,pedca,91592,1867.50,8702.50,11432.50
0,4,2,15,pedca,91592,1867.50,8702.50,11432.50
0,4,3,15,pedca,93009,1737.50,8377.50,11052.50
0,4,3,15,pedca,93009,1737.50,8377.50,11052.50
0,5,1,15,pedca,96380,1702.50,9237.50,12387.50
0,5,1,15,pedca,96380,1702.50,9237.50,12387.50
0,5,2,15,pedca,93818,1807.50,9517.50,12527.50
0,5,2,15,pedca,93818,1807.50,9517.50,12527.50
0,5,3,15,pedca,97571,1782.50,9587.50,12612.50
0,5,3,15,pedca,97571,1782.50,9587.50,12612.50
1,0,1,15,pedca,90655,1297.50,8052.50,13307.50
1,0,1,15,pedca,90655,1297.50,8052.50,13307.50
1,0,2,15,pedca,90293,1277.50,7092.50,12732.50
1,0,2,15,pedca,90293,1277.50,7092.50,12732.50
1,0,3,15,pedca,87091,1237.50,6092.50,12217.50
1,0,3,15,pedca,87091,1237.50,6092.50,12217.50
1,1,1,15,pedca,93059,1442.50,8687.50,13567.50
1,1,1,15,pedca,93059,1442.50,8687.50,13567.50
1,1,2,15,pedca,86847,1422.50,8002.50,13767.50
1,1,2,15,pedca,86847,1422.50,8002.50,13767.50
1,1,3,15,pedca,90662,1377.50,7392.50,13102.50
1,1,3,15,pedca,90662,1377.50,7392.50,13102.50
1,2,1,15,pedca,89135,1567.50,7987.50,13002.50
1,2,1,15,pedca,89135,1567.50,7987.50,13002.50
1,2,2,15,pedca,90797,1602.50,8072.50,13932.50
1,2,2,15,pedca,90797,1602.50,8072.50,13932.50
1,2,3,15,pedca,90914,1657.50,8692.50,15217.50
1,2,3,15,pedca,90914,1657.50,8692.50,15217.50
1,3,1,15,pedca,94049,1717.50,8642.50,13752.50
1,3,1,15,pedca,94049,1717.50,8642.50,13752.50
1,3,2,15,pedca,95708,1617.50,8537.50,14012.50
1,3,2,15,pedca,95708,1617.50,8537.50,14012.50
1,3,3,15,pedca,91590,1647.50,8632.50,14782.50
1,3,3,15,pedca,91590,1647.50,8632.50,14782.50
1,4,1,15,pedca,97036,1567.50,8712.50,12962.50
1,4,1,15,pedca,97036,1567.50,8712.50,12962.50
1,4,2,15,pedca,95918,1727.50,9507.50,14417.50
1,4,2,15,pedca,95918,1727.50,9507.50,14417.50
1,4,3,15,pedca,96815,1677.50,9347.50,14522.50
1,4,3,15,pedca,96815,1677.50,9347.50,14522.50
1,5,1,15,pedca,95750,1737.50,9932.50,14407.50
1,5,1,15,pedca,95750,1737.50,9932.50,14407.50
1,5,2,15,pedca,94897,1722.50,10407.50,15577.50
1,5,2,15,pedca,94897,1722.50,10407.50,15577.50
1,5,3,15,pedca,96221,1752.50,10702.50,16442.50
1,5,3,15,pedca,96221,1752.50,10702.50,16442.50
0,0,1,30,pedca,159336,1452.50,9227.50,14242.50
0,0,1,30,pedca,159336,1452.50,9227.50,14242.50
0,0,2,30,pedca,154900,1487.50,9122.50,14482.50
0,0,2,30,pedca,154900,1487.50,9122.50,14482.50
0,0,3,30,pedca,152416,1537.50,8682.50,14357.50
0,0,3,30,pedca,152416,1537.50,8682.50,14357.50
0,1,1,30,pedca,166549,1532.50,8982.50,13712.50
0,1,1,30,pedca,166549,1532.50,8982.50,13712.50
0,1,2,30,pedca,161031,1727.50,9437.50,14452.50
0,1,2,30,pedca,161031,1727.50,9437.50,14452.50
0,1,3,30,pedca,158479,1752.50,9127.50,14442.50
0,1,3,30,pedca,158479,1752.50,9127.50,14442.50
0,2,1,30,pedca,167864,1827.50,8607.50,13442.50
0,2,1,30,pedca,167864,1827.50,8607.50,13442.50
0,2,2,30,pedca,163797,1957.50,8187.50,13667.50
0,2,2,30,pedca,163797,1957.50,8187.50,13667.50
0,2,3,30,pedca,161701,2082.50,8082.50,13902.50
0,2,3,30,pedca,161701,2082.50,8082.50,13902.50
0,3,1,30,pedca,171008,1742.50,8262.50,12637.50
0,3,1,30,pedca,171008,1742.50,8262.50,12637.50
0,3,2,30,pedca,167872,1947.50,8557.50,12672.50
0,3,2,30,pedca,167872,1947.50,8557.50,12672.50
0,3,3,30,pedca,165266,2182.50,8967.50,13177.50
0,3,3,30,pedca,165266,2182.50,8967.50,13177.50
0,4,1,30,pedca,173291,1817.50,9127.50,12552.50
0,4,1,30,pedca,173291,1817.50,9127.50,12552.50
0,4,2,30,pedca,171494,1922.50,9302.50,12557.50
0,4,2,30,pedca,171494,1922.50,9302.50,12557.50
0,4,3,30,pedca,170389,2062.50,9652.50,12852.50
0,4,3,30,pedca,170389,2062.50,9652.50,12852.50
0,5,1,30,pedca,175385,1737.50,9677.50,13037.50
0,5,1,30,pedca,175385,1737.50,9677.50,13037.50
0,5,2,30,pedca,175282,1807.50,9867.50,13257.50
0,5,2,30,pedca,175282,1807.50,9867.50,13257.50
0,5,3,30,pedca,173509,2112.50,10757.50,14072.50
0,5,3,30,pedca,173509,2112.50,10757.50,14072.50
1,0,1,30,pedca,159336,1452.50,9227.50,14242.50
1,0,1,30,pedca,159336,1452.50,9227.50,14242.50
1,0,2,30,pedca,153267,1427.50,8702.50,14327.50
1,0,2,30,pedca,153267,1427.50,8702.50,14327.50
1,0,3,30,pedca,149369,1392.50,8167.50,13757.50
1,0,3,30,pedca,149369,1392.50,8167.50,13757.50
1,1,1,30,pedca,167052,1537.50,9267.50,14047.50
1,1,1,30,pedca,167052,1537.50,9267.50,14047.50
1,1,2,30,pedca,162667,1552.50,9202.50,14367.50
1,1,2,30,pedca,162667,1552.50,9202.50,14367.50
1,1,3,30,pedca,159847,1532.50,9102.50,14852.50
1,1,3,30,pedca,159847,1532.50,9102.50,14852.50
1,2,1,30,pedca,170236,1622.50,8817.50,14057.50
1,2,1,30,pedca,170236,1622.50,8817.50,14057.50
1,2,2,30,pedca,166204,1737.50,9212.50,14992.50
1,2,2,30,pedca,166204,1737.50,9212.50,14992.50
1,2,3,30,pedca,165121,1707.50,9307.50,15657.50
1,2,3,30,pedca,165121,1707.50,9307.50,15657.50
1,3,1,30,pedca,173145,1692.50,8942.50,14107.50
1,3,1,30,pedca,173145,1692.50,8942.50,14107.50
1,3,2,30,pedca,170751,1707.50,9162.50,14912.50
1,3,2,30,pedca,170751,1707.50,9162.50,14912.50
1,3,3,30,pedca,169342,1822.50,9867.50,16242.50
1,3,3,30,pedca,169342,1822.50,9867.50,16242.50
1,4,1,30,pedca,175409,1737.50,9597.50,14352.50
1,4,1,30,pedca,175409,1737.50,9597.50,14352.50
1,4,2,30,pedca,173171,1812.50,10067.50,15472.50
1,4,2,30,pedca,173171,1812.50,10067.50,15472.50
1,4,3,30,pedca,172360,1792.50,10357.50,16742.50
1,4,3,30,pedca,172360,1792.50,10357.50,16742.50
1,5,1,30,pedca,176814,1732.50,10162.50,14682.50
1,5,1,30,pedca,176814,1732.50,10162.50,14682.50
1,5,2,30,pedca,175738,1822.50,10772.50,16052.50
1,5,2,30,pedca,175738,1822.50,10772.50,16052.50
1,5,3,30,pedca,175709,1762.50,10862.50,16907.50
1,5,3,30,pedca,175709,1762.50,10862.50,16907.50
0,0,1,5,vo,174022,1492.50,9147.50,13267.50
0,0,1,5,vo,174022,1492.50,9147.50,13267.50
0,0,2,5,vo,171985,1487.50,9107.50,13342.50
0,0,2,5,vo,171985,1487.50,9107.50,13342.50
0,0,3,5,vo,171781,1547.50,9282.50,13532.50
0,0,3,5,vo,171781,1547.50,9282.50,13532.50
0,1,1,5,vo,176335,1537.50,8912.50,12822.50
0,1,1,5,vo,176335,1537.50,8912.50,12822.50
0,1,2,5,vo,175275,1602.50,9257.50,13302.50
0,1,2,5,vo,175275,1602.50,9257.50,13302.50
0,1,3,5,vo,175227,1607.50,9047.50,13122.50
0,1,3,5,vo,175227,1607.50,9047.50,13122.50
0,2,1,5,vo,177287,1622.50,8982.50,12787.50
0,2,1,5,vo,177287,1622.50,8982.50,12787.50
0,2,2,5,vo,176953,1552.50,8422.50,12497.50
0,2,2,5,vo,176953,1552.50,8422.50,12497.50
0,2,3,5,vo,175590,1647.50,8972.50,12937.50
0,2,3,5,vo,175590,1647.50,8972.50,12937.50
0,3,1,5,vo,177637,1642.50,8882.50,12812.50
0,3,1,5,vo,177637,1642.50,8882.50,12812.50
0,3,2,5,vo,177483,1592.50,8647.50,12587.50
0,3,2,5,vo,177483,1592.50,8647.50,12587.50
0,3,3,5,vo,176906,1647.50,8937.50,12902.50
0,3,3,5,vo,176906,1647.50,8937.50,12902.50
0,4,1,5,vo,178560,1617.50,8922.50,12677.50
0,4,1,5,vo,178560,1617.50,8922.50,12677.50
0,4,2,5,vo,178112,1647.50,9062.50,12767.50
0,4,2,5,vo,178112,1647.50,9062.50,12767.50
0,4,3,5,vo,177255,1677.50,9162.50,12912.50
0,4,3,5,vo,177255,1677.50,9162.50,12912.50
0,5,1,5,vo,177504,1707.50,9402.50,12997.50
0,5,1,5,vo,177504,1707.50,9402.50,12997.50
0,5,2,5,vo,178350,1632.50,9177.50,12727.50
0,5,2,5,vo,178350,1632.50,9177.50,12727.50
0,5,3,5,vo,177480,1727.50,9532.50,13052.50
0,5,3,5,vo,177480,1727.50,9532.50,13052.50
1,0,1,5,vo,174022,1492.50,9147.50,13267.50
1,0,1,5,vo,174022,1492.50,9147.50,13267.50
1,0,2,5,vo,172783,1487.50,8957.50,13087.50
1,0,2,5,vo,172783,1487.50,8957.50,13087.50
1,0,3,5,vo,171637,1532.50,9297.50,13532.50
1,0,3,5,vo,171637,1532.50,9297.50,13532.50
1,1,1,5,vo,176430,1507.50,8752.50,12657.50
1,1,1,5,vo,176430,1507.50,8752.50,12657.50
1,1,2,5,vo,174940,1562.50,9097.50,13237.50
1,1,2,5,vo,174940,1562.50,9097.50,13237.50
1,1,3,5,vo,174310,1562.50,9222.50,13347.50
1,1,3,5,vo,174310,1562.50,9222.50,13347.50
1,2,1,5,vo,176617,1652.50,9217.50,13167.50
1,2,1,5,vo,176617,1652.50,9217.50,13167.50
1,2,2,5,vo,176546,1542.50,8802.50,12807.50
1,2,2,5,vo,176546,1542.50,8802.50,12807.50
1,2,3,5,vo,175937,1572.50,8927.50,13037.50
1,2,3,5,vo,175937,1572.50,8927.50,13037.50
1,3,1,5,vo,177462,1597.50,8967.50,13027.50
1,3,1,5,vo,177462,1597.50,8967.50,13027.50
1,3,2,5,vo,177300,1617.50,9032.50,12997.50
1,3,2,5,vo,177300,1617.50,9032.50,12997.50
1,3,3,5,vo,177450,1567.50,8837.50,12852.50
1,3,3,5,vo,177450,1567.50,8837.50,12852.50
1,4,1,5,vo,178197,1602.50,9097.50,12942.50
1,4,1,5,vo,178197,1602.50,9097.50,12942.50
1,4,2,5,vo,177699,1647.50,9282.50,13242.50
1,4,2,5,vo,177699,1647.50,9282.50,13242.50
1,4,3,5,vo,178073,1607.50,9262.50,13212.50
1,4,3,5,vo,178073,1607.50,9262.50,13212.50
1,5,1,5,vo,179311,1597.50,9117.50,12932.50
1,5,1,5,vo,179311,1597.50,9117.50,12932.50
1,5,2,5,vo,178965,1522.50,8917.50,12802.50
1,5,2,5,vo,178965,1522.50,8917.50,12802.50
1,5,3,5,vo,179155,1512.50,8812.50,12737.50
1,5,3,5,vo,179155,1512.50,8812.50,12737.50
0,0,1,15,vo,167028,1517.50,9772.50,14197.50
0,0,1,15,vo,167028,1517.50,9772.50,14197.50
0,0,2,15,vo,164353,1537.50,9577.50,14427.50
0,0,2,15,vo,164353,1537.50,9577.50,14427.50
0,0,3,15,vo,163406,1512.50,9317.50,14242.50
0,0,3,15,vo,163406,1512.50,9317.50,14242.50
0,1,1,15,vo,172146,1522.50,9027.50,13417.50
0,1,1,15,vo,172146,1522.50,9027.50,13417.50
0,1,2,15,vo,167935,1687.50,9552.50,14172.50
0,1,2,15,vo,167935,1687.50,9552.50,14172.50
0,1,3,15,vo,166722,1672.50,9282.50,14052.50
0,1,3,15,vo,166722,1672.50,9282.50,14052.50
0,2,1,15,vo,173345,1707.50,8772.50,13077.50
0,2,1,15,vo,173345,1707.50,8772.50,13077.50
0,2,2,15,vo,170749,1752.50,8657.50,13297.50
0,2,2,15,vo,170749,1752.50,8657.50,13297.50
0,2,3,15,vo,169543,1867.50,8927.50,13627.50
0,2,3,15,vo,169543,1867.50,8927.50,13627.50
0,3,1,15,vo,173057,1837.50,9147.50,13357.50
0,3,1,15,vo,173057,1837.50,9147.50,13357.50
0,3,2,15,vo,174279,1677.50,8397.50,12627.50
0,3,2,15,vo,174279,1677.50,8397.50,12627.50
0,3,3,15,vo,173433,1712.50,8462.50,12742.50
0,3,3,15,vo,173433,1712.50,8462.50,12742.50
0,4,1,15,vo,175597,1742.50,9247.50,13002.50
0,4,1,15,vo,175597,1742.50,9247.50,13002.50
0,4,2,15,vo,174989,1837.50,9317.50,13017.50
0,4,2,15,vo,174989,1837.50,9317.50,13017.50
0,4,3,15,vo,175309,1732.50,9032.50,12657.50
0,4,3,15,vo,175309,1732.50,9032.50,12657.50
0,5,1,15,vo,177083,1702.50,9402.50,12902.50
0,5,1,15,vo,177083,1702.50,9402.50,12902.50
0,5,2,15,vo,176061,1782.50,9692.50,13147.50
0,5,2,15,vo,176061,1782.50,9692.50,13147.50
0,5,3,15,vo,176287,1762.50,9737.50,13202.50
0,5,3,15,vo,176287,1762.50,9737.50,13202.50
1,0,1,15,vo,167028,1517.50,9772.50,14197.50
1,0,1,15,vo,167028,1517.50,9772.50,14197.50
1,0,2,15,vo,163232,1482.50,9497.50,14207.50
1,0,2,15,vo,163232,1482.50,9497.50,14207.50
1,0,3,15,vo,162221,1452.50,9077.50,14002.50
1,0,3,15,vo,162221,1452.50,9077.50,14002.50
1,1,1,15,vo,171706,1557.50,9372.50,13722.50
1,1,1,15,vo,171706,1557.50,9372.50,13722.50
1,1,2,15,vo,169378,1577.50,9367.50,14162.50
1,1,2,15,vo,169378,1577.50,9367.50,14162.50
1,1,3,15,vo,167783,1527.50,9022.50,13732.50
1,1,3,15,vo,167783,1527.50,9022.50,13732.50
1,2,1,15,vo,174118,1632.50,9002.50,13352.50
1,2,1,15,vo,174118,1632.50,9002.50,13352.50
1,2,2,15,vo,171683,1662.50,9217.50,13967.50
1,2,2,15,vo,171683,1662.50,9217.50,13967.50
1,2,3,15,vo,170355,1722.50,9747.50,14792.50
1,2,3,15,vo,170355,1722.50,9747.50,14792.50
1,3,1,15,vo,174601,1732.50,9317.50,13742.50
1,3,1,15,vo,174601,1732.50,9317.50,13742.50
1,3,2,15,vo,174537,1647.50,9217.50,13927.50
1,3,2,15,vo,174537,1647.50,9217.50,13927.50
1,3,3,15,vo,174162,1672.50,9282.50,14267.50
1,3,3,15,vo,174162,1672.50,9282.50,14267.50
1,4,1,15,vo,177411,1557.50,8932.50,13102.50
1,4,1,15,vo,177411,1557.50,8932.50,13102.50
1,4,2,15,vo,175536,1732.50,9707.50,14087.50
1,4,2,15,vo,175536,1732.50,9707.50,14087.50
1,4,3,15,vo,175650,1682.50,9592.50,14132.50
1,4,3,15,vo,175650,1682.50,9592.50,14132.50
1,5,1,15,vo,176916,1727.50,9877.50,14012.50
1,5,1,15,vo,176916,1727.50,9877.50,14012.50
1,5,2,15,vo,176891,1687.50,10137.50,14617.50
1,5,2,15,vo,176891,1687.50,10137.50,14617.50
1,5,3,15,vo,176540,1702.50,10217.50,15092.50
1,5,3,15,vo,176540,1702.50,10217.50,15092.50
0,0,1,30,vo,159324,1452.50,9227.50,14237.50
0,0,1,30,vo,159324,1452.50,9227.50,14237.50
0,0,2,30,vo,154888,1487.50,9122.50,14472.50
0,0,2,30,vo,154888,1487.50,9122.50,14472.50
0,0,3,30,vo,152409,1537.50,8682.50,14357.50
0,0,3,30,vo,152409,1537.50,8682.50,14357.50
0,1,1,30,vo,166532,1532.50,8977.50,13712.50
0,1,1,30,vo,166532,1532.50,8977.50,13712.50
0,1,2,30,vo,161023,1727.50,9437.50,14452.50
0,1,2,30,vo,161023,1727.50,9437.50,14452.50
0,1,3,30,vo,158471,1752.50,9127.50,14437.50
0,1,3,30,vo,158471,1752.50,9127.50,14437.50
0,2,1,30,vo,167848,1827.50,8602.50,13432.50
0,2,1,30,vo,167848,1827.50,8602.50,13432.50
0,2,2,30,vo,163789,1957.50,8187.50,13667.50
0,2,2,30,vo,163789,1957.50,8187.50,13667.50
0,2,3,30,vo,161693,2082.50,8082.50,13902.50
0,2,3,30,vo,161693,2082.50,8082.50,13902.50
0,3,1,30,vo,170990,1742.50,8262.50,12627.50
0,3,1,30,vo,170990,1742.50,8262.50,12627.50
0,3,2,30,vo,167858,1947.50,8557.50,12667.50
0,3,2,30,vo,167858,1947.50,8557.50,12667.50
0,3,3,30,vo,165258,2182.50,8967.50,13177.50
0,3,3,30,vo,165258,2182.50,8967.50,13177.50
0,4,1,30,vo,173279,1817.50,9127.50,12552.50
0,4,1,30,vo,173279,1817.50,9127.50,12552.50
0,4,2,30,vo,171482,1922.50,9302.50,12557.50
0,4,2,30,vo,171482,1922.50,9302.50,12557.50
0,4,3,30,vo,170377,2062.50,9652.50,12852.50
0,4,3,30,vo,170377,2062.50,9652.50,12852.50
0,5,1,30,vo,175369,1737.50,9677.50,13032.50
0,5,1,30,vo,175369,1737.50,9677.50,13032.50
0,5,2,30,vo,175271,1807.50,9867.50,13252.50
0,5,2,30,vo,175271,1807.50,9867.50,13252.50
0,5,3,30,vo,173501,2112.50,10752.50,14072.50
0,5,3,30,vo,173501,2112.50,10752.50,14072.50
1,0,1,30,vo,159324,1452.50,9227.50,14237.50
1,0,1,30,vo,159324,1452.50,9227.50,14237.50
1,0,2,30,vo,153253,1427.50,8697.50,14317.50
1,0,2,30,vo,153253,1427.50,8697.50,14317.50
1,0,3,30,vo,149358,1392.50,8167.50,13752.50
1,0,3,30,vo,149358,1392.50,8167.50,13752.50
1,1,1,30,vo,167041,1537.50,9267.50,14042.50
1,1,1,30,vo,167041,1537.50,9267.50,14042.50
1,1,2,30,vo,162660,1552.50,9202.50,14357.50
1,1,2,30,vo,162660,1552.50,9202.50,14357.50
1,1,3,30,vo,159841,1532.50,9097.50,14842.50
1,1,3,30,vo,159841,1532.50,9097.50,14842.50
1,2,1,30,vo,170219,1622.50,8817.50,14052.50
1,2,1,30,vo,170219,1622.50,8817.50,14052.50
1,2,2,30,vo,166188,1737.50,9212.50,14992.50
1,2,2,30,vo,166188,1737.50,9212.50,14992.50
1,2,3,30,vo,165107,1707.50,9307.50,15652.50
1,2,3,30,vo,165107,1707.50,9307.50,15652.50
1,3,1,30,vo,173134,1692.50,8942.50,14097.50
1,3,1,30,vo,173134,1692.50,8942.50,14097.50
1,3,2,30,vo,170744,1707.50,9162.50,14907.50
1,3,2,30,vo,170744,1707.50,9162.50,14907.50
1,3,3,30,vo,169327,1822.50,9862.50,16237.50
1,3,3,30,vo,169327,1822.50,9862.50,16237.50
1,4,1,30,vo,175400,1737.50,9597.50,14357.50
1,4,1,30,vo,175400,1737.50,9597.50,14357.50
1,4,2,30,vo,173162,1812.50,10067.50,15472.50
1,4,2,30,vo,173162,1812.50,10067.50,15472.50
1,4,3,30,vo,172352,1792.50,10357.50,16742.50
1,4,3,30,vo,172352,1792.50,10357.50,16742.50
1,5,1,30,vo,176807,1732.50,10162.50,14677.50
1,5,1,30,vo,176807,1732.50,10162.50,14677.50
1,5,2,30,vo,175724,1822.50,10767.50,16037.50
1,5,2,30,vo,175724,1822.50,10767.50,16037.50
1,5,3,30,vo,175701,1762.50,10862.50,16907.50
1,5,3,30,vo,175701,1762.50,10862.50,16907.50
