"P-EDCA delay heatmap (us) -- rows=QSRC, cols=PSRC -- rate=1Mbps"

STA_TYPE,All STAs
nPedca=5/30
P50
CWds=0,PSRC=1,PSRC=2,PSRC=3
QSRC=0,2072.5,2097.5,2087.5
QSRC=1,2152.5,2222.5,2242.5
QSRC=2,2667.5,2847.5,2852.5
QSRC=3,2862.5,2997.5,2882.5
QSRC=4,2612.5,2672.5,2612.5
QSRC=5,2307.5,2357.5,2402.5
CWds=1,PSRC=1,PSRC=2,PSRC=3
QSRC=0,2072.5,2052.5,2087.5
QSRC=1,2177.5,2202.5,2222.5
QSRC=2,2487.5,2562.5,2482.5
QSRC=3,2567.5,2577.5,2492.5
QSRC=4,2342.5,2402.5,2272.5
QSRC=5,2457.5,2352.5,2387.5

P95
CWds=0,PSRC=1,PSRC=2,PSRC=3
QSRC=0,7982.5,8142.5,8127.5
QSRC=1,7987.5,7967.5,8032.5
QSRC=2,7927.5,8002.5,7907.5
QSRC=3,8012.5,8007.5,7947.5
QSRC=4,8017.5,8052.5,8017.5
QSRC=5,7922.5,7967.5,7967.5
CWds=1,PSRC=1,PSRC=2,PSRC=3
QSRC=0,7982.5,8072.5,8147.5
QSRC=1,7922.5,7862.5,7942.5
QSRC=2,7887.5,7962.5,7897.5
QSRC=3,8002.5,7957.5,7892.5
QSRC=4,7902.5,7947.5,7872.5
QSRC=5,8032.5,7947.5,7972.5

P99
CWds=0,PSRC=1,PSRC=2,PSRC=3
QSRC=0,11612.5,12067.5,12227.5
QSRC=1,11537.5,11572.5,11752.5
QSRC=2,11262.5,11572.5,11477.5
QSRC=3,11442.5,11467.5,11307.5
QSRC=4,11127.5,11307.5,11207.5
QSRC=5,10822.5,11092.5,10962.5
CWds=1,PSRC=1,PSRC=2,PSRC=3
QSRC=0,11612.5,11967.5,12222.5
QSRC=1,11322.5,11157.5,11477.5
QSRC=2,11077.5,11372.5,11232.5
QSRC=3,11322.5,11247.5,10957.5
QSRC=4,10957.5,11097.5,10917.5
QSRC=5,11402.5,11302.5,11382.5


nPedca=15/30
P50
CWds=0,PSRC=1,PSRC=2,PSRC=3
QSRC=0,1882.5,1877.5,1922.5
QSRC=1,2007.5,2132.5,2172.5
QSRC=2,3022.5,3307.5,3477.5
QSRC=3,3282.5,3672.5,3797.5
QSRC=4,2807.5,2762.5,2742.5
QSRC=5,2367.5,2247.5,2422.5
CWds=1,PSRC=1,PSRC=2,PSRC=3
QSRC=0,1882.5,1882.5,1882.5
QSRC=1,2027.5,2082.5,2102.5
QSRC=2,2582.5,2617.5,2567.5
QSRC=3,2777.5,2667.5,2542.5
QSRC=4,2502.5,2392.5,2337.5
QSRC=5,2327.5,2367.5,2377.5

P95
CWds=0,PSRC=1,PSRC=2,PSRC=3
QSRC=0,8207.5,8132.5,7957.5
QSRC=1,7967.5,8112.5,7882.5
QSRC=2,8047.5,7962.5,7997.5
QSRC=3,8012.5,8082.5,8097.5
QSRC=4,8117.5,8067.5,8087.5
QSRC=5,8012.5,7872.5,7967.5
CWds=1,PSRC=1,PSRC=2,PSRC=3
QSRC=0,8207.5,8042.5,7767.5
QSRC=1,7852.5,7797.5,7772.5
QSRC=2,7842.5,7822.5,7677.5
QSRC=3,8032.5,7922.5,7887.5
QSRC=4,8067.5,8002.5,8007.5
QSRC=5,8047.5,8162.5,8187.5

P99
CWds=0,PSRC=1,PSRC=2,PSRC=3
QSRC=0,13012.5,13067.5,12862.5
QSRC=1,12157.5,12932.5,12472.5
QSRC=2,12087.5,12272.5,12537.5
QSRC=3,11642.5,12097.5,12067.5
QSRC=4,11717.5,11542.5,11587.5
QSRC=5,11362.5,10637.5,11297.5
CWds=1,PSRC=1,PSRC=2,PSRC=3
QSRC=0,13012.5,12852.5,12132.5
QSRC=1,11507.5,11682.5,11647.5
QSRC=2,11507.5,11572.5,11017.5
QSRC=3,11732.5,11407.5,11437.5
QSRC=4,11897.5,11797.5,12197.5
QSRC=5,12127.5,13262.5,13862.5


nPedca=30/30
P50
CWds=0,PSRC=1,PSRC=2,PSRC=3
QSRC=0,1807.5,1862.5,1997.5
QSRC=1,2017.5,2162.5,2327.5
QSRC=2,3217.5,3597.5,3752.5
QSRC=3,3717.5,4062.5,4307.5
QSRC=4,2862.5,2667.5,2477.5
QSRC=5,2322.5,2422.5,2527.5
CWds=1,PSRC=1,PSRC=2,PSRC=3
QSRC=0,1807.5,1797.5,1877.5
QSRC=1,1917.5,1977.5,2017.5
QSRC=2,2617.5,2702.5,2677.5
QSRC=3,2742.5,2742.5,2642.5
QSRC=4,2347.5,2237.5,2187.5
QSRC=5,2452.5,2362.5,2337.5

P95
CWds=0,PSRC=1,PSRC=2,PSRC=3
QSRC=0,8047.5,8007.5,7947.5
QSRC=1,8122.5,8117.5,7957.5
QSRC=2,7927.5,7797.5,7712.5
QSRC=3,8072.5,8082.5,8157.5
QSRC=4,8092.5,8052.5,7947.5
QSRC=5,7957.5,7957.5,7922.5
CWds=1,PSRC=1,PSRC=2,PSRC=3
QSRC=0,8047.5,7517.5,7607.5
QSRC=1,7747.5,7512.5,7627.5
QSRC=2,7722.5,7572.5,7582.5
QSRC=3,7887.5,7942.5,7897.5
QSRC=4,8032.5,8012.5,7972.5
QSRC=5,8147.5,8232.5,8157.5

P99
CWds=0,PSRC=1,PSRC=2,PSRC=3
QSRC=0,13162.5,13507.5,13687.5
QSRC=1,13067.5,13512.5,13547.5
QSRC=2,12547.5,12732.5,12662.5
QSRC=3,12312.5,12272.5,12882.5
QSRC=4,11887.5,11637.5,10257.5
QSRC=5,11172.5,11472.5,10932.5
CWds=1,PSRC=1,PSRC=2,PSRC=3
QSRC=0,13162.5,12007.5,12432.5
QSRC=1,11707.5,11402.5,11902.5
QSRC=2,11707.5,11447.5,11647.5
QSRC=3,11697.5,12222.5,12137.5
QSRC=4,12402.5,12972.5,13227.5
QSRC=5,13552.5,15602.5,15427.5



STA_TYPE,P-EDCA STAs
nPedca=5/30
P50
CWds=0,PSRC=1,PSRC=2,PSRC=3
QSRC=0,1372.5,1402.5,1447.5
QSRC=1,1632.5,1707.5,1742.5
QSRC=2,2807.5,3032.5,3007.5
QSRC=3,3642.5,3897.5,3777.5
QSRC=4,2712.5,2832.5,2762.5
QSRC=5,2097.5,1997.5,2032.5
CWds=1,PSRC=1,PSRC=2,PSRC=3
QSRC=0,1372.5,1402.5,1407.5
QSRC=1,1707.5,1747.5,1747.5
QSRC=2,2577.5,2642.5,2507.5
QSRC=3,2712.5,2597.5,2472.5
QSRC=4,2262.5,2162.5,1942.5
QSRC=5,2217.5,2082.5,2032.5

P95
CWds=0,PSRC=1,PSRC=2,PSRC=3
QSRC=0,6437.5,4432.5,3267.5
QSRC=1,6297.5,4027.5,3447.5
QSRC=2,6232.5,5972.5,5827.5
QSRC=3,7502.5,7457.5,7382.5
QSRC=4,7842.5,7797.5,7787.5
QSRC=5,7787.5,7747.5,7687.5
CWds=1,PSRC=1,PSRC=2,PSRC=3
QSRC=0,6437.5,5387.5,5032.5
QSRC=1,7017.5,6717.5,6712.5
QSRC=2,7257.5,7012.5,6837.5
QSRC=3,7597.5,7432.5,7382.5
QSRC=4,7772.5,7802.5,7677.5
QSRC=5,7927.5,7817.5,7827.5

P99
CWds=0,PSRC=1,PSRC=2,PSRC=3
QSRC=0,9467.5,8072.5,7392.5
QSRC=1,9352.5,7847.5,6522.5
QSRC=2,8777.5,7992.5,7147.5
QSRC=3,8902.5,8212.5,8127.5
QSRC=4,8997.5,8277.5,8252.5
QSRC=5,8707.5,8272.5,8222.5
CWds=1,PSRC=1,PSRC=2,PSRC=3
QSRC=0,9467.5,8237.5,7827.5
QSRC=1,9862.5,8267.5,8172.5
QSRC=2,9747.5,8362.5,8152.5
QSRC=3,9812.5,8252.5,8182.5
QSRC=4,9967.5,9487.5,8487.5
QSRC=5,11682.5,10777.5,11987.5


nPedca=15/30
P50
CWds=0,PSRC=1,PSRC=2,PSRC=3
QSRC=0,1582.5,1597.5,1647.5
QSRC=1,1797.5,1917.5,1982.5
QSRC=2,3062.5,3367.5,3607.5
QSRC=3,3697.5,4077.5,4182.5
QSRC=4,2787.5,2687.5,2572.5
QSRC=5,2187.5,2077.5,2187.5
CWds=1,PSRC=1,PSRC=2,PSRC=3
QSRC=0,1582.5,1607.5,1592.5
QSRC=1,1832.5,1907.5,1902.5
QSRC=2,2602.5,2642.5,2682.5
QSRC=3,2882.5,2807.5,2537.5
QSRC=4,2397.5,2207.5,2137.5
QSRC=5,2217.5,2257.5,2197.5

P95
CWds=0,PSRC=1,PSRC=2,PSRC=3
QSRC=0,7527.5,6447.5,5217.5
QSRC=1,7187.5,6577.5,5287.5
QSRC=2,7202.5,6892.5,6842.5
QSRC=3,7797.5,7807.5,7817.5
QSRC=4,7987.5,7907.5,7897.5
QSRC=5,7882.5,7722.5,7732.5
CWds=1,PSRC=1,PSRC=2,PSRC=3
QSRC=0,7527.5,6867.5,6302.5
QSRC=1,7562.5,7392.5,7172.5
QSRC=2,7497.5,7362.5,7222.5
QSRC=3,7847.5,7687.5,7647.5
QSRC=4,7987.5,7907.5,7902.5
QSRC=5,8052.5,8137.5,8147.5

P99
CWds=0,PSRC=1,PSRC=2,PSRC=3
QSRC=0,12152.5,11237.5,10062.5
QSRC=1,10902.5,11267.5,9812.5
QSRC=2,10987.5,10532.5,10052.5
QSRC=3,10757.5,10017.5,8872.5
QSRC=4,10687.5,8907.5,8317.5
QSRC=5,10192.5,8327.5,8302.5
CWds=1,PSRC=1,PSRC=2,PSRC=3
QSRC=0,12152.5,11397.5,9777.5
QSRC=1,11157.5,10932.5,10007.5
QSRC=2,10992.5,10437.5,9367.5
QSRC=3,11232.5,9987.5,9827.5
QSRC=4,11807.5,11492.5,12257.5
QSRC=5,12717.5,14792.5,16302.5


nPedca=30/30
P50
CWds=0,PSRC=1,PSRC=2,PSRC=3
QSRC=0,1807.5,1862.5,1997.5
QSRC=1,2017.5,2162.5,2327.5
QSRC=2,3217.5,3597.5,3752.5
QSRC=3,3717.5,4062.5,4307.5
QSRC=4,2862.5,2667.5,2477.5
QSRC=5,2322.5,2422.5,2527.5
CWds=1,PSRC=1,PSRC=2,PSRC=3
QSRC=0,1807.5,1797.5,1877.5
QSRC=1,1917.5,1977.5,2017.5
QSRC=2,2617.5,2702.5,2677.5
QSRC=3,2742.5,2742.5,2642.5
QSRC=4,2347.5,2237.5,2187.5
QSRC=5,2452.5,2362.5,2337.5

P95
CWds=0,PSRC=1,PSRC=2,PSRC=3
QSRC=0,8047.5,8007.5,7947.5
QSRC=1,8122.5,8117.5,7957.5
QSRC=2,7927.5,7797.5,7712.5
QSRC=3,8072.5,8082.5,8157.5
QSRC=4,8092.5,8052.5,7947.5
QSRC=5,7957.5,7957.5,7922.5
CWds=1,PSRC=1,PSRC=2,PSRC=3
QSRC=0,8047.5,7517.5,7607.5
QSRC=1,7747.5,7512.5,7627.5
QSRC=2,7722.5,7572.5,7582.5
QSRC=3,7887.5,7942.5,7897.5
QSRC=4,8032.5,8012.5,7972.5
QSRC=5,8147.5,8232.5,8157.5

P99
CWds=0,PSRC=1,PSRC=2,PSRC=3
QSRC=0,13162.5,13507.5,13687.5
QSRC=1,13067.5,13512.5,13547.5
QSRC=2,12547.5,12732.5,12662.5
QSRC=3,12312.5,12272.5,12882.5
QSRC=4,11887.5,11637.5,10257.5
QSRC=5,11172.5,11472.5,10932.5
CWds=1,PSRC=1,PSRC=2,PSRC=3
QSRC=0,13162.5,12007.5,12432.5
QSRC=1,11707.5,11402.5,11902.5
QSRC=2,11707.5,11447.5,11647.5
QSRC=3,11697.5,12222.5,12137.5
QSRC=4,12402.5,12972.5,13227.5
QSRC=5,13552.5,15602.5,15427.5



STA_TYPE,Legacy STAs
nPedca=5/30
P50
CWds=0,PSRC=1,PSRC=2,PSRC=3
QSRC=0,2647.5,2822.5,2832.5
QSRC=1,2602.5,2782.5,2807.5
QSRC=2,2597.5,2722.5,2737.5
QSRC=3,2612.5,2672.5,2592.5
QSRC=4,2592.5,2637.5,2582.5
QSRC=5,2362.5,2472.5,2507.5
CWds=1,PSRC=1,PSRC=2,PSRC=3
QSRC=0,2647.5,2737.5,2827.5
QSRC=1,2417.5,2497.5,2537.5
QSRC=2,2457.5,2527.5,2472.5
QSRC=3,2532.5,2577.5,2497.5
QSRC=4,2362.5,2452.5,2357.5
QSRC=5,2522.5,2437.5,2487.5

P95
CWds=0,PSRC=1,PSRC=2,PSRC=3
QSRC=0,8157.5,8482.5,8562.5
QSRC=1,8157.5,8222.5,8307.5
QSRC=2,8127.5,8267.5,8217.5
QSRC=3,8167.5,8207.5,8157.5
QSRC=4,8087.5,8182.5,8142.5
QSRC=5,7972.5,8062.5,8092.5
CWds=1,PSRC=1,PSRC=2,PSRC=3
QSRC=0,8157.5,8332.5,8617.5
QSRC=1,8047.5,8047.5,8152.5
QSRC=2,8012.5,8157.5,8112.5
QSRC=3,8117.5,8122.5,8057.5
QSRC=4,7952.5,8007.5,7947.5
QSRC=5,8067.5,7997.5,8012.5

P99
CWds=0,PSRC=1,PSRC=2,PSRC=3
QSRC=0,11932.5,12467.5,12707.5
QSRC=1,11847.5,12047.5,12247.5
QSRC=2,11577.5,12062.5,12012.5
QSRC=3,11767.5,11947.5,11852.5
QSRC=4,11387.5,11767.5,11697.5
QSRC=5,11112.5,11497.5,11427.5
CWds=1,PSRC=1,PSRC=2,PSRC=3
QSRC=0,11932.5,12417.5,12752.5
QSRC=1,11527.5,11527.5,11817.5
QSRC=2,11267.5,11727.5,11677.5
QSRC=3,11557.5,11637.5,11437.5
QSRC=4,11087.5,11292.5,11107.5
QSRC=5,11362.5,11362.5,11317.5


nPedca=15/30
P50
CWds=0,PSRC=1,PSRC=2,PSRC=3
QSRC=0,3002.5,3132.5,3197.5
QSRC=1,2852.5,3237.5,3072.5
QSRC=2,2942.5,3117.5,3107.5
QSRC=3,2707.5,2987.5,3102.5
QSRC=4,2822.5,2842.5,2917.5
QSRC=5,2622.5,2507.5,2822.5
CWds=1,PSRC=1,PSRC=2,PSRC=3
QSRC=0,3002.5,2912.5,2847.5
QSRC=1,2502.5,2542.5,2582.5
QSRC=2,2537.5,2577.5,2402.5
QSRC=3,2667.5,2517.5,2542.5
QSRC=4,2602.5,2587.5,2592.5
QSRC=5,2462.5,2512.5,2587.5

P95
CWds=0,PSRC=1,PSRC=2,PSRC=3
QSRC=0,9387.5,9887.5,9857.5
QSRC=1,8732.5,9827.5,9667.5
QSRC=2,8947.5,9497.5,9842.5
QSRC=3,8307.5,9142.5,9582.5
QSRC=4,8497.5,8687.5,9017.5
QSRC=5,8237.5,8157.5,8602.5
CWds=1,PSRC=1,PSRC=2,PSRC=3
QSRC=0,9387.5,9282.5,8542.5
QSRC=1,8067.5,8127.5,8217.5
QSRC=2,8132.5,8222.5,8087.5
QSRC=3,8262.5,8242.5,8267.5
QSRC=4,8197.5,8162.5,8182.5
QSRC=5,8047.5,8207.5,8242.5

P99
CWds=0,PSRC=1,PSRC=2,PSRC=3
QSRC=0,13757.5,14272.5,14237.5
QSRC=1,13087.5,14072.5,13862.5
QSRC=2,12847.5,13427.5,13877.5
QSRC=3,12287.5,13187.5,13597.5
QSRC=4,12437.5,12812.5,13092.5
QSRC=5,12197.5,12092.5,12792.5
CWds=1,PSRC=1,PSRC=2,PSRC=3
QSRC=0,13757.5,13762.5,13197.5
QSRC=1,11852.5,12257.5,12492.5
QSRC=2,11922.5,12317.5,11937.5
QSRC=3,12127.5,12212.5,12267.5
QSRC=4,11952.5,11967.5,12167.5
QSRC=5,11642.5,12107.5,12167.5



