bin_start_us,bin_end_us,bin_mid_us,pdf_per_us,probability,count
255.0,260.0,257.5,1.2212323e-06,6.1061617e-06,1
315.0,320.0,317.5,1.2212323e-06,6.1061617e-06,1
340.0,345.0,342.5,0.01135624,0.056781198,9299
345.0,350.0,347.5,0.019113507,0.095567537,15651
350.0,355.0,352.5,0.0048788232,0.024394116,3995
355.0,360.0,357.5,0.0017488047,0.0087440236,1432
360.0,365.0,362.5,0.0011821529,0.0059107646,968
365.0,370.0,367.5,0.00084265032,0.0042132516,690
370.0,375.0,372.5,0.00083410169,0.0041705085,683
375.0,380.0,377.5,0.00049582033,0.0024791017,406
380.0,385.0,382.5,0.00026500742,0.0013250371,217
385.0,390.0,387.5,0.00051291759,0.0025645879,420
390.0,395.0,392.5,0.00049337787,0.0024668893,404
395.0,400.0,397.5,0.00063748328,0.0031874164,522
400.0,405.0,402.5,0.00077914624,0.0038957312,638
405.0,410.0,407.5,0.00080357088,0.0040178544,658
410.0,415.0,412.5,0.00081334074,0.0040667037,666
415.0,420.0,417.5,0.00087562359,0.004378118,717
420.0,425.0,422.5,0.00083654416,0.0041827208,685
425.0,430.0,427.5,0.00083776539,0.0041888269,686
430.0,435.0,432.5,0.00079746472,0.0039873236,653
435.0,440.0,437.5,0.00077670377,0.0038835189,636
440.0,445.0,442.5,0.00068022642,0.0034011321,557
445.0,450.0,447.5,0.00072419078,0.0036209539,593
450.0,455.0,452.5,0.00065091684,0.0032545842,533
455.0,460.0,457.5,0.00067289902,0.0033644951,551
460.0,465.0,462.5,0.00069243874,0.0034621937,567
465.0,470.0,467.5,0.00063504082,0.0031752041,520
470.0,475.0,472.5,0.0006606867,0.0033034335,541
475.0,480.0,477.5,0.00069121751,0.0034560875,566
480.0,485.0,482.5,0.00074983666,0.0037491833,614
485.0,490.0,487.5,0.00073884557,0.0036942278,605
490.0,495.0,492.5,0.00062038603,0.0031019302,508
495.0,500.0,497.5,0.00094034891,0.0047017445,770
500.0,505.0,502.5,0.00098797697,0.0049398848,809
505.0,510.0,507.5,0.0010930029,0.0054650147,895
510.0,515.0,512.5,0.00092813658,0.0046406829,760
515.0,520.0,517.5,0.00092569412,0.0046284706,758
520.0,525.0,522.5,0.00091592426,0.0045796213,750
525.0,530.0,527.5,0.00089149961,0.0044574981,730
530.0,535.0,532.5,0.00093180028,0.0046590014,763
535.0,540.0,537.5,0.0009061544,0.004530772,742
540.0,545.0,542.5,0.00081334074,0.0040667037,666
545.0,550.0,547.5,0.00082433183,0.0041216592,675
550.0,555.0,552.5,0.00080723458,0.0040361729,661
555.0,560.0,557.5,0.00088905715,0.0044452857,728
560.0,565.0,562.5,0.0011296399,0.0056481996,925
565.0,570.0,567.5,0.0011113214,0.0055566072,910
570.0,575.0,572.5,0.0013030549,0.0065152746,1067
575.0,580.0,577.5,0.0012065776,0.0060328878,988
580.0,585.0,582.5,0.0010258352,0.0051291759,840
585.0,590.0,587.5,0.00092935781,0.0046467891,761
590.0,595.0,592.5,0.0010001893,0.0050009465,819
595.0,600.0,597.5,0.00099652559,0.004982628,816
600.0,605.0,602.5,0.0010673571,0.0053367854,874
605.0,610.0,607.5,0.00070709353,0.0035354676,579
610.0,615.0,612.5,0.00083898662,0.0041949331,687
615.0,620.0,617.5,0.00092447289,0.0046223644,757
620.0,625.0,622.5,0.00083898662,0.0041949331,687
625.0,630.0,627.5,0.00076937638,0.0038468819,630
630.0,635.0,632.5,0.00074495173,0.0037247587,610
635.0,640.0,637.5,0.00077181884,0.0038590942,632
640.0,645.0,642.5,0.00082799553,0.0041399777,678
645.0,650.0,647.5,0.00083898662,0.0041949331,687
650.0,655.0,652.5,0.00094523384,0.0047261692,774
655.0,660.0,657.5,0.00097454341,0.0048727171,798
660.0,665.0,662.5,0.0010710208,0.0053551038,877
665.0,670.0,667.5,0.0010136228,0.0050681142,830
670.0,675.0,672.5,0.00085852634,0.0042926317,703
675.0,680.0,677.5,0.00094157014,0.0047078507,771
680.0,685.0,682.5,0.00097576464,0.0048788232,799
685.0,690.0,687.5,0.0010368263,0.0051841313,849
690.0,695.0,692.5,0.0010050742,0.0050253711,823
695.0,700.0,697.5,0.00098797697,0.0049398848,809
700.0,705.0,702.5,0.0010246139,0.0051230697,839
705.0,710.0,707.5,0.0009098181,0.0045490905,745
710.0,715.0,712.5,0.00087928729,0.0043964364,720
715.0,720.0,717.5,0.00083165923,0.0041582961,681
720.0,725.0,722.5,0.00070709353,0.0035354676,579
725.0,730.0,727.5,0.00070342983,0.0035171492,576
730.0,735.0,732.5,0.00069121751,0.0034560875,566
735.0,740.0,737.5,0.00072052708,0.0036026354,590
740.0,745.0,742.5,0.00081089828,0.0040544914,664
745.0,750.0,747.5,0.00082188937,0.0041094468,673
750.0,755.0,752.5,0.00081700444,0.0040850222,669
755.0,760.0,757.5,0.00090126947,0.0045063474,738
760.0,765.0,762.5,0.00097210095,0.0048605047,796
765.0,770.0,767.5,0.00094279137,0.0047139569,772
770.0,775.0,772.5,0.00095988862,0.0047994431,786
775.0,780.0,777.5,0.0010050742,0.0050253711,823
780.0,785.0,782.5,0.0018025389,0.0090126947,1476
785.0,790.0,787.5,0.0011809317,0.0059046584,967
790.0,795.0,792.5,0.00054100593,0.0027050296,443
795.0,800.0,797.5,0.00041277653,0.0020638827,338
800.0,805.0,802.5,0.00025157386,0.0012578693,206
805.0,810.0,807.5,0.00028088344,0.0014044172,230
810.0,815.0,812.5,0.00012700816,0.00063504082,104
815.0,820.0,817.5,0.00011723831,0.00058619153,96
820.0,825.0,822.5,0.00016120267,0.00080601335,132
825.0,830.0,827.5,0.00020272457,0.0010136228,166
830.0,835.0,832.5,0.00026500742,0.0013250371,217
835.0,840.0,837.5,0.00030897178,0.0015448589,253
840.0,845.0,842.5,0.00041033407,0.0020516703,336
845.0,850.0,847.5,0.0003736971,0.0018684855,306
850.0,855.0,852.5,0.00036148477,0.0018074239,296
855.0,860.0,857.5,0.00037613956,0.0018806978,308
860.0,865.0,862.5,0.00034805122,0.0017402561,285
865.0,870.0,867.5,0.0003285115,0.0016425575,269
870.0,875.0,872.5,0.00035415738,0.0017707869,290
875.0,880.0,877.5,0.00038590942,0.0019295471,316
880.0,885.0,882.5,0.00036759094,0.0018379547,301
885.0,890.0,887.5,0.00033828136,0.0016914068,277
890.0,895.0,892.5,0.00031629918,0.0015814959,259
895.0,900.0,897.5,0.0003285115,0.0016425575,269
900.0,905.0,902.5,0.00031141425,0.0015570712,255
905.0,910.0,907.5,0.0002833259,0.0014166295,232
910.0,915.0,912.5,0.00035415738,0.0017707869,290
915.0,920.0,917.5,0.00034438752,0.0017219376,282
920.0,925.0,922.5,0.00032606904,0.0016303452,267
925.0,930.0,927.5,0.00038102449,0.0019051225,312
930.0,935.0,932.5,0.00040300667,0.0020150334,330
935.0,940.0,937.5,0.00041399777,0.0020699888,339
940.0,945.0,942.5,0.00047383815,0.0023691908,388
945.0,950.0,947.5,0.00045918336,0.0022959168,376
950.0,955.0,952.5,0.00041888269,0.0020944135,343
955.0,960.0,957.5,0.0004115553,0.0020577765,337
960.0,965.0,962.5,0.00032240534,0.0016120267,264
965.0,970.0,967.5,0.00031141425,0.0015570712,255
970.0,975.0,972.5,0.0003248478,0.001624239,266
975.0,980.0,977.5,0.00034316629,0.0017158314,281
980.0,985.0,982.5,0.00034072382,0.0017036191,279
985.0,990.0,987.5,0.00041033407,0.0020516703,336
990.0,995.0,992.5,0.00036881217,0.0018440608,302
995.0,1000.0,997.5,0.00034194506,0.0017097253,280
1000.0,1005.0,1002.5,0.00034438752,0.0017219376,282
1005.0,1010.0,1007.5,0.00035782108,0.0017891054,293
1010.0,1015.0,1012.5,0.00042254639,0.002112732,346
1015.0,1020.0,1017.5,0.00051780251,0.0025890126,424
1020.0,1025.0,1022.5,0.00057886413,0.0028943207,474
1025.0,1030.0,1027.5,0.00056176688,0.0028088344,460
1030.0,1035.0,1032.5,0.000536121,0.002680605,439
1035.0,1040.0,1037.5,0.00047872308,0.0023936154,392
1040.0,1045.0,1042.5,0.0004494135,0.0022470675,368
1045.0,1050.0,1047.5,0.00044208611,0.0022104305,362
1050.0,1055.0,1052.5,0.00046284706,0.0023142353,379
1055.0,1060.0,1057.5,0.00046406829,0.0023203415,380
1060.0,1065.0,1062.5,0.0005324573,0.0026622865,436
1065.0,1070.0,1067.5,0.0005324573,0.0026622865,436
1070.0,1075.0,1072.5,0.00050803266,0.0025401633,416
1075.0,1080.0,1077.5,0.0004982628,0.002491314,408
1080.0,1085.0,1082.5,0.00046406829,0.0023203415,380
1085.0,1090.0,1087.5,0.00036759094,0.0018379547,301
1090.0,1095.0,1092.5,0.00036759094,0.0018379547,301
1095.0,1100.0,1097.5,0.00042865255,0.0021432628,351
1100.0,1105.0,1102.5,0.00052512991,0.0026256495,430
1105.0,1110.0,1107.5,0.00062771343,0.0031385671,514
1110.0,1115.0,1112.5,0.00057275797,0.0028637899,469
1115.0,1120.0,1117.5,0.00051780251,0.0025890126,424
1120.0,1125.0,1122.5,0.00049337787,0.0024668893,404
1125.0,1130.0,1127.5,0.00045063474,0.0022531737,369
1130.0,1135.0,1132.5,0.00040667037,0.0020333519,333
1135.0,1140.0,1137.5,0.00045063474,0.0022531737,369
1140.0,1145.0,1142.5,0.00038957312,0.0019478656,319
1145.0,1150.0,1147.5,0.00047139569,0.0023569784,386
1150.0,1155.0,1152.5,0.00044208611,0.0022104305,362
1155.0,1160.0,1157.5,0.00040667037,0.0020333519,333
1160.0,1165.0,1162.5,0.00036148477,0.0018074239,296
1165.0,1170.0,1167.5,0.00037491833,0.0018745917,307
1170.0,1175.0,1172.5,0.00037736079,0.001886804,309
1175.0,1180.0,1177.5,0.00034927245,0.0017463623,286
1180.0,1185.0,1182.5,0.00031141425,0.0015570712,255
1185.0,1190.0,1187.5,0.00029553823,0.0014776911,242
1190.0,1195.0,1192.5,0.00038835189,0.0019417594,318
1195.0,1200.0,1197.5,0.00034682999,0.0017341499,284
1200.0,1205.0,1202.5,0.00039934298,0.0019967149,327
1205.0,1210.0,1207.5,0.00038713065,0.0019356533,317
1210.0,1215.0,1212.5,0.00040056421,0.002002821,328
1215.0,1220.0,1217.5,0.00042376762,0.0021188381,347
1220.0,1225.0,1222.5,0.00047505938,0.0023752969,389
1225.0,1230.0,1227.5,0.00040544914,0.0020272457,332
1230.0,1235.0,1232.5,0.00034805122,0.0017402561,285
1235.0,1240.0,1237.5,0.00024424647,0.0012212323,200
1240.0,1245.0,1242.5,0.00023936154,0.0011968077,196
1245.0,1250.0,1247.5,0.00010991091,0.00054955456,90
1250.0,1255.0,1252.5,0.00011845954,0.00059229769,97
1255.0,1260.0,1257.5,0.00013677802,0.00068389011,112
1260.0,1265.0,1262.5,0.00016120267,0.00080601335,132
1265.0,1270.0,1267.5,0.00018806978,0.00094034891,154
1270.0,1275.0,1272.5,0.00019661841,0.00098309204,161
1275.0,1280.0,1277.5,0.0002076095,0.0010380475,170
1280.0,1285.0,1282.5,0.00019661841,0.00098309204,161
1285.0,1290.0,1287.5,0.00022959168,0.0011479584,188
1290.0,1295.0,1292.5,0.00021005196,0.0010502598,172
1295.0,1300.0,1297.5,0.00023447661,0.0011723831,192
1300.0,1305.0,1302.5,0.00024791017,0.0012395508,203
1305.0,1310.0,1307.5,0.00021371566,0.0010685783,175
1310.0,1315.0,1312.5,0.0002002821,0.0010014105,164
1315.0,1320.0,1317.5,0.00021005196,0.0010502598,172
1320.0,1325.0,1322.5,0.0002112732,0.001056366,173
1325.0,1330.0,1327.5,0.00021860059,0.0010930029,179
1330.0,1335.0,1332.5,0.00022959168,0.0011479584,188
1335.0,1340.0,1337.5,0.00018929101,0.00094645507,155
1340.0,1345.0,1342.5,0.00018562732,0.00092813658,152
1345.0,1350.0,1347.5,0.00018684855,0.00093424274,153
1350.0,1355.0,1352.5,0.00018806978,0.00094034891,154
1355.0,1360.0,1357.5,0.00018074239,0.00090371194,148
1360.0,1365.0,1362.5,0.00017829992,0.00089149961,146
1365.0,1370.0,1367.5,0.00018440608,0.00092203042,151
1370.0,1375.0,1372.5,0.00019661841,0.00098309204,161
1375.0,1380.0,1377.5,0.00017707869,0.00088539345,145
1380.0,1385.0,1382.5,0.00020272457,0.0010136228,166
1385.0,1390.0,1387.5,0.00022837045,0.0011418522,187
1390.0,1395.0,1392.5,0.00021982182,0.0010991091,180
1395.0,1400.0,1397.5,0.00023447661,0.0011723831,192
1400.0,1405.0,1402.5,0.0002039458,0.001019729,167
1405.0,1410.0,1407.5,0.00020883073,0.0010441537,171
1410.0,1415.0,1412.5,0.00021493689,0.0010746845,176
1415.0,1420.0,1417.5,0.00018440608,0.00092203042,151
1420.0,1425.0,1422.5,0.00019417594,0.00097087971,159
1425.0,1430.0,1427.5,0.00018684855,0.00093424274,153
1430.0,1435.0,1432.5,0.00019661841,0.00098309204,161
1435.0,1440.0,1437.5,0.00021982182,0.0010991091,180
1440.0,1445.0,1442.5,0.00018684855,0.00093424274,153
1445.0,1450.0,1447.5,0.00017097253,0.00085486264,140
1450.0,1455.0,1452.5,0.00020150334,0.0010075167,165
1455.0,1460.0,1457.5,0.00018318485,0.00091592426,150
1460.0,1465.0,1462.5,0.00023569784,0.0011784892,193
1465.0,1470.0,1467.5,0.00022714922,0.0011357461,186
1470.0,1475.0,1472.5,0.00023569784,0.0011784892,193
1475.0,1480.0,1477.5,0.00018929101,0.00094645507,155
1480.0,1485.0,1482.5,0.00020638827,0.0010319413,169
1485.0,1490.0,1487.5,0.0002112732,0.001056366,173
1490.0,1495.0,1492.5,0.00023325538,0.0011662769,191
1495.0,1500.0,1497.5,0.00020516703,0.0010258352,168
1500.0,1505.0,1502.5,0.00023447661,0.0011723831,192
1505.0,1510.0,1507.5,0.00021860059,0.0010930029,179
1510.0,1515.0,1512.5,0.00021737936,0.0010868968,178
1515.0,1520.0,1517.5,0.00018806978,0.00094034891,154
1520.0,1525.0,1522.5,0.00017097253,0.00085486264,140
1525.0,1530.0,1527.5,0.00018806978,0.00094034891,154
1530.0,1535.0,1532.5,0.00020272457,0.0010136228,166
1535.0,1540.0,1537.5,0.00017952115,0.00089760577,147
1540.0,1545.0,1542.5,0.00015143281,0.00075716405,124
1545.0,1550.0,1547.5,0.0002002821,0.0010014105,164
1550.0,1555.0,1552.5,0.0002076095,0.0010380475,170
1555.0,1560.0,1557.5,0.00020516703,0.0010258352,168
1560.0,1565.0,1562.5,0.00019295471,0.00096477355,158
1565.0,1570.0,1567.5,0.00021860059,0.0010930029,179
1570.0,1575.0,1572.5,0.00019539718,0.00097698588,160
1575.0,1580.0,1577.5,0.000241804,0.00120902,198
1580.0,1585.0,1582.5,0.00025401633,0.0012700816,208
1585.0,1590.0,1587.5,0.00023814031,0.0011907015,195
1590.0,1595.0,1592.5,0.00023447661,0.0011723831,192
1595.0,1600.0,1597.5,0.00018684855,0.00093424274,153
1600.0,1605.0,1602.5,0.00017829992,0.00089149961,146
1605.0,1610.0,1607.5,0.00018806978,0.00094034891,154
1610.0,1615.0,1612.5,0.00018074239,0.00090371194,148
1615.0,1620.0,1617.5,0.0002039458,0.001019729,167
1620.0,1625.0,1622.5,0.00021860059,0.0010930029,179
1625.0,1630.0,1627.5,0.00020883073,0.0010441537,171
1630.0,1635.0,1632.5,0.00020516703,0.0010258352,168
1635.0,1640.0,1637.5,0.0002039458,0.001019729,167
1640.0,1645.0,1642.5,0.00020150334,0.0010075167,165
1645.0,1650.0,1647.5,0.00020150334,0.0010075167,165
1650.0,1655.0,1652.5,0.00019539718,0.00097698588,160
1655.0,1660.0,1657.5,0.00018440608,0.00092203042,151
1660.0,1665.0,1662.5,0.00024058277,0.0012029139,197
1665.0,1670.0,1667.5,0.00024058277,0.0012029139,197
1670.0,1675.0,1672.5,0.00018806978,0.00094034891,154
1675.0,1680.0,1677.5,0.00020516703,0.0010258352,168
1680.0,1685.0,1682.5,0.00011113214,0.00055566072,91
1685.0,1690.0,1687.5,0.00010624721,0.00053123607,87
1690.0,1695.0,1692.5,0.00013799926,0.00068999628,113
1695.0,1700.0,1697.5,0.00011113214,0.00055566072,91
1700.0,1705.0,1702.5,0.00011723831,0.00058619153,96
1705.0,1710.0,1707.5,0.0001245657,0.0006228285,102
1710.0,1715.0,1712.5,0.00014899035,0.00074495173,122
1715.0,1720.0,1717.5,0.00014776911,0.00073884557,121
1720.0,1725.0,1722.5,0.00015753897,0.00078769486,129
1725.0,1730.0,1727.5,0.00012700816,0.00063504082,104
1730.0,1735.0,1732.5,0.00013922049,0.00069610244,114
1735.0,1740.0,1737.5,0.00011845954,0.00059229769,97
1740.0,1745.0,1742.5,0.00014776911,0.00073884557,121
1745.0,1750.0,1747.5,0.00012212323,0.00061061617,100
1750.0,1755.0,1752.5,0.00011723831,0.00058619153,96
1755.0,1760.0,1757.5,0.00011723831,0.00058619153,96
1760.0,1765.0,1762.5,0.00013555679,0.00067778395,111
1765.0,1770.0,1767.5,0.00016730883,0.00083654416,137
1770.0,1775.0,1772.5,0.00013311433,0.00066557163,109
1775.0,1780.0,1777.5,0.00013799926,0.00068999628,113
1780.0,1785.0,1782.5,0.00013067186,0.0006533593,107
1785.0,1790.0,1787.5,0.00013311433,0.00066557163,109
1790.0,1795.0,1792.5,0.0001245657,0.0006228285,102
1795.0,1800.0,1797.5,0.00013311433,0.00066557163,109
1800.0,1805.0,1802.5,0.00013189309,0.00065946547,108
1805.0,1810.0,1807.5,0.00011845954,0.00059229769,97
1810.0,1815.0,1812.5,0.00014044172,0.0007022086,115
1815.0,1820.0,1817.5,0.00011113214,0.00055566072,91
1820.0,1825.0,1822.5,9.1592426e-05,0.00045796213,75
1825.0,1830.0,1827.5,0.00014288418,0.00071442092,117
1830.0,1835.0,1832.5,0.0001245657,0.0006228285,102
1835.0,1840.0,1837.5,9.5256123e-05,0.00047628061,78
1840.0,1845.0,1842.5,9.1592426e-05,0.00045796213,75
1845.0,1850.0,1847.5,9.6477355e-05,0.00048238678,79
1850.0,1855.0,1852.5,9.2813658e-05,0.00046406829,76
1855.0,1860.0,1857.5,0.00010014105,0.00050070526,82
1860.0,1865.0,1862.5,9.7698588e-05,0.00048849294,80
1865.0,1870.0,1867.5,8.5486264e-05,0.00042743132,70
1870.0,1875.0,1872.5,0.00010136228,0.00050681142,83
1875.0,1880.0,1877.5,9.0371194e-05,0.00045185597,74
1880.0,1885.0,1882.5,8.5486264e-05,0.00042743132,70
1885.0,1890.0,1887.5,8.7928729e-05,0.00043964364,72
1890.0,1895.0,1892.5,0.00010014105,0.00050070526,82
1895.0,1900.0,1897.5,8.4265032e-05,0.00042132516,69
1900.0,1905.0,1902.5,0.00010991091,0.00054955456,90
1905.0,1910.0,1907.5,9.891982e-05,0.0004945991,81
1910.0,1915.0,1912.5,0.00011723831,0.00058619153,96
1915.0,1920.0,1917.5,0.00010502598,0.00052512991,86
1920.0,1925.0,1922.5,0.00011968077,0.00059840385,98
1925.0,1930.0,1927.5,0.00012700816,0.00063504082,104
1930.0,1935.0,1932.5,9.5256123e-05,0.00047628061,78
1935.0,1940.0,1937.5,0.00012212323,0.00061061617,100
1940.0,1945.0,1942.5,9.6477355e-05,0.00048238678,79
1945.0,1950.0,1947.5,0.00010380475,0.00051902375,85
1950.0,1955.0,1952.5,0.00010991091,0.00054955456,90
1955.0,1960.0,1957.5,8.3043799e-05,0.000415219,68
1960.0,1965.0,1962.5,0.00010502598,0.00052512991,86
1965.0,1970.0,1967.5,0.00011113214,0.00055566072,91
1970.0,1975.0,1972.5,8.6707497e-05,0.00043353748,71
1975.0,1980.0,1977.5,0.00011113214,0.00055566072,91
1980.0,1985.0,1982.5,0.00011723831,0.00058619153,96
1985.0,1990.0,1987.5,9.7698588e-05,0.00048849294,80
1990.0,1995.0,1992.5,0.00011601707,0.00058008536,95
1995.0,2000.0,1997.5,8.7928729e-05,0.00043964364,72
2000.0,2005.0,2002.5,0.00011723831,0.00058619153,96
2005.0,2010.0,2007.5,0.00011479584,0.0005739792,94
2010.0,2015.0,2012.5,0.00013555679,0.00067778395,111
2015.0,2020.0,2017.5,0.00011357461,0.00056787304,93
2020.0,2025.0,2022.5,8.7928729e-05,0.00043964364,72
2025.0,2030.0,2027.5,0.00010746845,0.00053734223,88
2030.0,2035.0,2032.5,0.00010014105,0.00050070526,82
2035.0,2040.0,2037.5,0.000120902,0.00060451001,99
2040.0,2045.0,2042.5,0.00010624721,0.00053123607,87
2045.0,2050.0,2047.5,0.00011113214,0.00055566072,91
2050.0,2055.0,2052.5,0.00010014105,0.00050070526,82
2055.0,2060.0,2057.5,0.00010258352,0.00051291759,84
2060.0,2065.0,2062.5,0.00010502598,0.00052512991,86
2065.0,2070.0,2067.5,0.00011968077,0.00059840385,98
2070.0,2075.0,2072.5,9.6477355e-05,0.00048238678,79
2075.0,2080.0,2077.5,9.2813658e-05,0.00046406829,76
2080.0,2085.0,2082.5,0.00010136228,0.00050681142,83
2085.0,2090.0,2087.5,0.00010624721,0.00053123607,87
2090.0,2095.0,2092.5,0.00010991091,0.00054955456,90
2095.0,2100.0,2097.5,0.00011235338,0.00056176688,92
2100.0,2105.0,2102.5,0.00010014105,0.00050070526,82
2105.0,2110.0,2107.5,0.00010380475,0.00051902375,85
2110.0,2115.0,2112.5,0.00011479584,0.0005739792,94
2115.0,2120.0,2117.5,6.4725314e-05,0.00032362657,53
2120.0,2125.0,2122.5,8.5486264e-05,0.00042743132,70
2125.0,2130.0,2127.5,8.3043799e-05,0.000415219,68
2130.0,2135.0,2132.5,8.4265032e-05,0.00042132516,69
2135.0,2140.0,2137.5,8.9149961e-05,0.00044574981,73
2140.0,2145.0,2142.5,9.0371194e-05,0.00045185597,74
2145.0,2150.0,2147.5,9.0371194e-05,0.00045185597,74
2150.0,2155.0,2152.5,8.6707497e-05,0.00043353748,71
2155.0,2160.0,2157.5,0.00010014105,0.00050070526,82
2160.0,2165.0,2162.5,0.00012212323,0.00061061617,100
2165.0,2170.0,2167.5,9.2813658e-05,0.00046406829,76
2170.0,2175.0,2172.5,8.7928729e-05,0.00043964364,72
2175.0,2180.0,2177.5,8.1822567e-05,0.00040911284,67
2180.0,2185.0,2182.5,7.9380102e-05,0.00039690051,65
2185.0,2190.0,2187.5,8.1822567e-05,0.00040911284,67
2190.0,2195.0,2192.5,6.3504082e-05,0.00031752041,52
2195.0,2200.0,2197.5,0.00010014105,0.00050070526,82
2200.0,2205.0,2202.5,8.0601335e-05,0.00040300667,66
2205.0,2210.0,2207.5,9.4034891e-05,0.00047017445,77
2210.0,2215.0,2212.5,8.7928729e-05,0.00043964364,72
2215.0,2220.0,2217.5,7.6937638e-05,0.00038468819,63
2220.0,2225.0,2222.5,8.4265032e-05,0.00042132516,69
2225.0,2230.0,2227.5,8.9149961e-05,0.00044574981,73
2230.0,2235.0,2232.5,8.7928729e-05,0.00043964364,72
2235.0,2240.0,2237.5,6.9610244e-05,0.00034805122,57
2240.0,2245.0,2242.5,8.4265032e-05,0.00042132516,69
2245.0,2250.0,2247.5,0.00011357461,0.00056787304,93
2250.0,2255.0,2252.5,0.00010014105,0.00050070526,82
2255.0,2260.0,2257.5,7.4495173e-05,0.00037247587,61
2260.0,2265.0,2262.5,6.9610244e-05,0.00034805122,57
2265.0,2270.0,2267.5,6.7167779e-05,0.0003358389,55
2270.0,2275.0,2272.5,4.8849294e-05,0.00024424647,40
2275.0,2280.0,2277.5,5.3734223e-05,0.00026867112,44
2280.0,2285.0,2282.5,7.6937638e-05,0.00038468819,63
2285.0,2290.0,2287.5,7.3273941e-05,0.0003663697,60
2290.0,2295.0,2292.5,6.1061617e-05,0.00030530809,50
2295.0,2300.0,2297.5,6.7167779e-05,0.0003358389,55
2300.0,2305.0,2302.5,7.6937638e-05,0.00038468819,63
2305.0,2310.0,2307.5,6.7167779e-05,0.0003358389,55
2310.0,2315.0,2312.5,6.7167779e-05,0.0003358389,55
2315.0,2320.0,2317.5,8.0601335e-05,0.00040300667,66
2320.0,2325.0,2322.5,5.1291759e-05,0.00025645879,42
2325.0,2330.0,2327.5,4.3964364e-05,0.00021982182,36
2330.0,2335.0,2332.5,6.228285e-05,0.00031141425,51
2335.0,2340.0,2337.5,7.0831476e-05,0.00035415738,58
2340.0,2345.0,2342.5,6.8389011e-05,0.00034194506,56
2345.0,2350.0,2347.5,6.228285e-05,0.00031141425,51
2350.0,2355.0,2352.5,6.8389011e-05,0.00034194506,56
2355.0,2360.0,2357.5,8.1822567e-05,0.00040911284,67
2360.0,2365.0,2362.5,4.5185597e-05,0.00022592798,37
2365.0,2370.0,2367.5,7.4495173e-05,0.00037247587,61
2370.0,2375.0,2372.5,7.5716405e-05,0.00037858203,62
2375.0,2380.0,2377.5,7.9380102e-05,0.00039690051,65
2380.0,2385.0,2382.5,6.8389011e-05,0.00034194506,56
2385.0,2390.0,2387.5,6.4725314e-05,0.00032362657,53
2390.0,2395.0,2392.5,6.228285e-05,0.00031141425,51
2395.0,2400.0,2397.5,3.7858203e-05,0.00018929101,31
2400.0,2405.0,2402.5,7.2052708e-05,0.00036026354,59
2405.0,2410.0,2407.5,5.6176688e-05,0.00028088344,46
2410.0,2415.0,2412.5,6.228285e-05,0.00031141425,51
2415.0,2420.0,2417.5,5.2512991e-05,0.00026256495,43
2420.0,2425.0,2422.5,6.5946547e-05,0.00032973273,54
2425.0,2430.0,2427.5,5.739792e-05,0.0002869896,47
2430.0,2435.0,2432.5,5.6176688e-05,0.00028088344,46
2435.0,2440.0,2437.5,6.3504082e-05,0.00031752041,52
2440.0,2445.0,2442.5,5.2512991e-05,0.00026256495,43
2445.0,2450.0,2447.5,6.9610244e-05,0.00034805122,57
2450.0,2455.0,2452.5,6.1061617e-05,0.00030530809,50
2455.0,2460.0,2457.5,6.4725314e-05,0.00032362657,53
2460.0,2465.0,2462.5,7.815887e-05,0.00039079435,64
2465.0,2470.0,2467.5,5.739792e-05,0.0002869896,47
2470.0,2475.0,2472.5,6.1061617e-05,0.00030530809,50
2475.0,2480.0,2477.5,7.0831476e-05,0.00035415738,58
2480.0,2485.0,2482.5,6.8389011e-05,0.00034194506,56
2485.0,2490.0,2487.5,6.5946547e-05,0.00032973273,54
2490.0,2495.0,2492.5,6.228285e-05,0.00031141425,51
2495.0,2500.0,2497.5,6.4725314e-05,0.00032362657,53
2500.0,2505.0,2502.5,5.739792e-05,0.0002869896,47
2505.0,2510.0,2507.5,6.4725314e-05,0.00032362657,53
2510.0,2515.0,2512.5,5.3734223e-05,0.00026867112,44
2515.0,2520.0,2517.5,6.9610244e-05,0.00034805122,57
2520.0,2525.0,2522.5,4.3964364e-05,0.00021982182,36
2525.0,2530.0,2527.5,6.7167779e-05,0.0003358389,55
2530.0,2535.0,2532.5,5.4955456e-05,0.00027477728,45
2535.0,2540.0,2537.5,4.7628061e-05,0.00023814031,39
2540.0,2545.0,2542.5,5.9840385e-05,0.00029920192,49
2545.0,2550.0,2547.5,5.9840385e-05,0.00029920192,49
2550.0,2555.0,2552.5,7.0831476e-05,0.00035415738,58
2555.0,2560.0,2557.5,4.3964364e-05,0.00021982182,36
2560.0,2565.0,2562.5,5.6176688e-05,0.00028088344,46
2565.0,2570.0,2567.5,7.815887e-05,0.00039079435,64
2570.0,2575.0,2572.5,4.2743132e-05,0.00021371566,35
2575.0,2580.0,2577.5,5.9840385e-05,0.00029920192,49
2580.0,2585.0,2582.5,6.5946547e-05,0.00032973273,54
2585.0,2590.0,2587.5,5.4955456e-05,0.00027477728,45
2590.0,2595.0,2592.5,7.5716405e-05,0.00037858203,62
2595.0,2600.0,2597.5,5.4955456e-05,0.00027477728,45
2600.0,2605.0,2602.5,5.6176688e-05,0.00028088344,46
2605.0,2610.0,2607.5,5.9840385e-05,0.00029920192,49
2610.0,2615.0,2612.5,6.3504082e-05,0.00031752041,52
2615.0,2620.0,2617.5,5.9840385e-05,0.00029920192,49
2620.0,2625.0,2622.5,6.4725314e-05,0.00032362657,53
2625.0,2630.0,2627.5,5.1291759e-05,0.00025645879,42
2630.0,2635.0,2632.5,6.5946547e-05,0.00032973273,54
2635.0,2640.0,2637.5,5.739792e-05,0.0002869896,47
2640.0,2645.0,2642.5,5.8619153e-05,0.00029309576,48
2645.0,2650.0,2647.5,5.0070526e-05,0.00025035263,41
2650.0,2655.0,2652.5,6.228285e-05,0.00031141425,51
2655.0,2660.0,2657.5,6.1061617e-05,0.00030530809,50
2660.0,2665.0,2662.5,5.3734223e-05,0.00026867112,44
2665.0,2670.0,2667.5,4.6406829e-05,0.00023203415,38
2670.0,2675.0,2672.5,5.739792e-05,0.0002869896,47
2675.0,2680.0,2677.5,4.7628061e-05,0.00023814031,39
2680.0,2685.0,2682.5,5.9840385e-05,0.00029920192,49
2685.0,2690.0,2687.5,5.8619153e-05,0.00029309576,48
2690.0,2695.0,2692.5,4.6406829e-05,0.00023203415,38
2695.0,2700.0,2697.5,5.4955456e-05,0.00027477728,45
2700.0,2705.0,2702.5,5.4955456e-05,0.00027477728,45
2705.0,2710.0,2707.5,6.7167779e-05,0.0003358389,55
2710.0,2715.0,2712.5,4.5185597e-05,0.00022592798,37
2715.0,2720.0,2717.5,4.8849294e-05,0.00024424647,40
2720.0,2725.0,2722.5,4.2743132e-05,0.00021371566,35
2725.0,2730.0,2727.5,4.3964364e-05,0.00021982182,36
2730.0,2735.0,2732.5,4.3964364e-05,0.00021982182,36
2735.0,2740.0,2737.5,5.0070526e-05,0.00025035263,41
2740.0,2745.0,2742.5,4.3964364e-05,0.00021982182,36
2745.0,2750.0,2747.5,6.3504082e-05,0.00031752041,52
2750.0,2755.0,2752.5,5.739792e-05,0.0002869896,47
2755.0,2760.0,2757.5,5.3734223e-05,0.00026867112,44
2760.0,2765.0,2762.5,4.2743132e-05,0.00021371566,35
2765.0,2770.0,2767.5,4.7628061e-05,0.00023814031,39
2770.0,2775.0,2772.5,5.6176688e-05,0.00028088344,46
2775.0,2780.0,2777.5,4.8849294e-05,0.00024424647,40
2780.0,2785.0,2782.5,5.3734223e-05,0.00026867112,44
2785.0,2790.0,2787.5,5.2512991e-05,0.00026256495,43
2790.0,2795.0,2792.5,5.739792e-05,0.0002869896,47
2795.0,2800.0,2797.5,4.7628061e-05,0.00023814031,39
2800.0,2805.0,2802.5,5.9840385e-05,0.00029920192,49
2805.0,2810.0,2807.5,4.15219e-05,0.0002076095,34
2810.0,2815.0,2812.5,5.8619153e-05,0.00029309576,48
2815.0,2820.0,2817.5,5.2512991e-05,0.00026256495,43
2820.0,2825.0,2822.5,6.4725314e-05,0.00032362657,53
2825.0,2830.0,2827.5,7.2052708e-05,0.00036026354,59
2830.0,2835.0,2832.5,4.15219e-05,0.0002076095,34
2835.0,2840.0,2837.5,5.4955456e-05,0.00027477728,45
2840.0,2845.0,2842.5,4.5185597e-05,0.00022592798,37
2845.0,2850.0,2847.5,4.7628061e-05,0.00023814031,39
2850.0,2855.0,2852.5,6.7167779e-05,0.0003358389,55
2855.0,2860.0,2857.5,3.9079435e-05,0.00019539718,32
2860.0,2865.0,2862.5,4.6406829e-05,0.00023203415,38
2865.0,2870.0,2867.5,4.0300667e-05,0.00020150334,33
2870.0,2875.0,2872.5,3.0530809e-05,0.00015265404,25
2875.0,2880.0,2877.5,4.6406829e-05,0.00023203415,38
2880.0,2885.0,2882.5,4.8849294e-05,0.00024424647,40
2885.0,2890.0,2887.5,3.663697e-05,0.00018318485,30
2890.0,2895.0,2892.5,4.3964364e-05,0.00021982182,36
2895.0,2900.0,2897.5,4.15219e-05,0.0002076095,34
2900.0,2905.0,2902.5,3.4194506e-05,0.00017097253,28
2905.0,2910.0,2907.5,4.5185597e-05,0.00022592798,37
2910.0,2915.0,2912.5,4.15219e-05,0.0002076095,34
2915.0,2920.0,2917.5,5.1291759e-05,0.00025645879,42
2920.0,2925.0,2922.5,5.0070526e-05,0.00025035263,41
2925.0,2930.0,2927.5,5.4955456e-05,0.00027477728,45
2930.0,2935.0,2932.5,3.9079435e-05,0.00019539718,32
2935.0,2940.0,2937.5,5.739792e-05,0.0002869896,47
2940.0,2945.0,2942.5,4.15219e-05,0.0002076095,34
2945.0,2950.0,2947.5,4.3964364e-05,0.00021982182,36
2950.0,2955.0,2952.5,5.2512991e-05,0.00026256495,43
2955.0,2960.0,2957.5,5.0070526e-05,0.00025035263,41
2960.0,2965.0,2962.5,5.1291759e-05,0.00025645879,42
2965.0,2970.0,2967.5,4.2743132e-05,0.00021371566,35
2970.0,2975.0,2972.5,5.4955456e-05,0.00027477728,45
2975.0,2980.0,2977.5,5.739792e-05,0.0002869896,47
2980.0,2985.0,2982.5,3.1752041e-05,0.0001587602,26
2985.0,2990.0,2987.5,4.2743132e-05,0.00021371566,35
2990.0,2995.0,2992.5,4.2743132e-05,0.00021371566,35
2995.0,3000.0,2997.5,5.6176688e-05,0.00028088344,46
3000.0,3005.0,3002.5,4.8849294e-05,0.00024424647,40
3005.0,3010.0,3007.5,5.4955456e-05,0.00027477728,45
3010.0,3015.0,3012.5,4.3964364e-05,0.00021982182,36
3015.0,3020.0,3017.5,4.2743132e-05,0.00021371566,35
3020.0,3025.0,3022.5,4.0300667e-05,0.00020150334,33
3025.0,3030.0,3027.5,4.5185597e-05,0.00022592798,37
3030.0,3035.0,3032.5,5.2512991e-05,0.00026256495,43
3035.0,3040.0,3037.5,3.9079435e-05,0.00019539718,32
3040.0,3045.0,3042.5,3.1752041e-05,0.0001587602,26
3045.0,3050.0,3047.5,4.3964364e-05,0.00021982182,36
3050.0,3055.0,3052.5,3.7858203e-05,0.00018929101,31
3055.0,3060.0,3057.5,4.2743132e-05,0.00021371566,35
3060.0,3065.0,3062.5,3.4194506e-05,0.00017097253,28
3065.0,3070.0,3067.5,3.2973273e-05,0.00016486637,27
3070.0,3075.0,3072.5,2.1982182e-05,0.00010991091,18
3075.0,3080.0,3077.5,3.9079435e-05,0.00019539718,32
3080.0,3085.0,3082.5,5.0070526e-05,0.00025035263,41
3085.0,3090.0,3087.5,5.6176688e-05,0.00028088344,46
3090.0,3095.0,3092.5,4.8849294e-05,0.00024424647,40
3095.0,3100.0,3097.5,2.8088344e-05,0.00014044172,23
3100.0,3105.0,3102.5,4.0300667e-05,0.00020150334,33
3105.0,3110.0,3107.5,5.6176688e-05,0.00028088344,46
3110.0,3115.0,3112.5,4.5185597e-05,0.00022592798,37
3115.0,3120.0,3117.5,4.7628061e-05,0.00023814031,39
3120.0,3125.0,3122.5,3.7858203e-05,0.00018929101,31
3125.0,3130.0,3127.5,3.7858203e-05,0.00018929101,31
3130.0,3135.0,3132.5,3.7858203e-05,0.00018929101,31
3135.0,3140.0,3137.5,3.5415738e-05,0.00017707869,29
3140.0,3145.0,3142.5,5.3734223e-05,0.00026867112,44
3145.0,3150.0,3147.5,4.3964364e-05,0.00021982182,36
3150.0,3155.0,3152.5,3.5415738e-05,0.00017707869,29
3155.0,3160.0,3157.5,3.5415738e-05,0.00017707869,29
3160.0,3165.0,3162.5,2.8088344e-05,0.00014044172,23
3165.0,3170.0,3167.5,3.5415738e-05,0.00017707869,29
3170.0,3175.0,3172.5,2.4424647e-05,0.00012212323,20
3175.0,3180.0,3177.5,2.9309576e-05,0.00014654788,24
3180.0,3185.0,3182.5,3.2973273e-05,0.00016486637,27
3185.0,3190.0,3187.5,3.7858203e-05,0.00018929101,31
3190.0,3195.0,3192.5,3.1752041e-05,0.0001587602,26
3195.0,3200.0,3197.5,3.9079435e-05,0.00019539718,32
3200.0,3205.0,3202.5,4.15219e-05,0.0002076095,34
3205.0,3210.0,3207.5,3.9079435e-05,0.00019539718,32
3210.0,3215.0,3212.5,2.076095e-05,0.00010380475,17
3215.0,3220.0,3217.5,3.663697e-05,0.00018318485,30
3220.0,3225.0,3222.5,4.15219e-05,0.0002076095,34
3225.0,3230.0,3227.5,3.5415738e-05,0.00017707869,29
3230.0,3235.0,3232.5,5.4955456e-05,0.00027477728,45
3235.0,3240.0,3237.5,4.0300667e-05,0.00020150334,33
3240.0,3245.0,3242.5,4.7628061e-05,0.00023814031,39
3245.0,3250.0,3247.5,3.4194506e-05,0.00017097253,28
3250.0,3255.0,3252.5,3.663697e-05,0.00018318485,30
3255.0,3260.0,3257.5,5.1291759e-05,0.00025645879,42
3260.0,3265.0,3262.5,4.8849294e-05,0.00024424647,40
3265.0,3270.0,3267.5,4.0300667e-05,0.00020150334,33
3270.0,3275.0,3272.5,3.2973273e-05,0.00016486637,27
3275.0,3280.0,3277.5,4.3964364e-05,0.00021982182,36
3280.0,3285.0,3282.5,3.4194506e-05,0.00017097253,28
3285.0,3290.0,3287.5,3.663697e-05,0.00018318485,30
3290.0,3295.0,3292.5,4.5185597e-05,0.00022592798,37
3295.0,3300.0,3297.5,2.5645879e-05,0.0001282294,21
3300.0,3305.0,3302.5,4.2743132e-05,0.00021371566,35
3305.0,3310.0,3307.5,3.2973273e-05,0.00016486637,27
3310.0,3315.0,3312.5,3.4194506e-05,0.00017097253,28
3315.0,3320.0,3317.5,4.0300667e-05,0.00020150334,33
3320.0,3325.0,3322.5,3.5415738e-05,0.00017707869,29
3325.0,3330.0,3327.5,4.0300667e-05,0.00020150334,33
3330.0,3335.0,3332.5,3.2973273e-05,0.00016486637,27
3335.0,3340.0,3337.5,3.663697e-05,0.00018318485,30
3340.0,3345.0,3342.5,2.8088344e-05,0.00014044172,23
3345.0,3350.0,3347.5,4.5185597e-05,0.00022592798,37
3350.0,3355.0,3352.5,4.3964364e-05,0.00021982182,36
3355.0,3360.0,3357.5,3.9079435e-05,0.00019539718,32
3360.0,3365.0,3362.5,3.0530809e-05,0.00015265404,25
3365.0,3370.0,3367.5,4.5185597e-05,0.00022592798,37
3370.0,3375.0,3372.5,4.2743132e-05,0.00021371566,35
3375.0,3380.0,3377.5,2.4424647e-05,0.00012212323,20
3380.0,3385.0,3382.5,4.7628061e-05,0.00023814031,39
3385.0,3390.0,3387.5,4.3964364e-05,0.00021982182,36
3390.0,3395.0,3392.5,5.1291759e-05,0.00025645879,42
3395.0,3400.0,3397.5,4.2743132e-05,0.00021371566,35
3400.0,3405.0,3402.5,3.9079435e-05,0.00019539718,32
3405.0,3410.0,3407.5,3.4194506e-05,0.00017097253,28
3410.0,3415.0,3412.5,4.5185597e-05,0.00022592798,37
3415.0,3420.0,3417.5,3.9079435e-05,0.00019539718,32
3420.0,3425.0,3422.5,3.9079435e-05,0.00019539718,32
3425.0,3430.0,3427.5,4.0300667e-05,0.00020150334,33
3430.0,3435.0,3432.5,3.9079435e-05,0.00019539718,32
3435.0,3440.0,3437.5,3.2973273e-05,0.00016486637,27
3440.0,3445.0,3442.5,3.663697e-05,0.00018318485,30
3445.0,3450.0,3447.5,4.15219e-05,0.0002076095,34
3450.0,3455.0,3452.5,3.4194506e-05,0.00017097253,28
3455.0,3460.0,3457.5,3.0530809e-05,0.00015265404,25
3460.0,3465.0,3462.5,3.7858203e-05,0.00018929101,31
3465.0,3470.0,3467.5,3.1752041e-05,0.0001587602,26
3470.0,3475.0,3472.5,4.15219e-05,0.0002076095,34
3475.0,3480.0,3477.5,3.4194506e-05,0.00017097253,28
3480.0,3485.0,3482.5,4.3964364e-05,0.00021982182,36
3485.0,3490.0,3487.5,2.3203415e-05,0.00011601707,19
3490.0,3495.0,3492.5,5.739792e-05,0.0002869896,47
3495.0,3500.0,3497.5,2.1982182e-05,0.00010991091,18
3500.0,3505.0,3502.5,2.3203415e-05,0.00011601707,19
3505.0,3510.0,3507.5,4.3964364e-05,0.00021982182,36
3510.0,3515.0,3512.5,3.5415738e-05,0.00017707869,29
3515.0,3520.0,3517.5,3.4194506e-05,0.00017097253,28
3520.0,3525.0,3522.5,4.7628061e-05,0.00023814031,39
3525.0,3530.0,3527.5,3.663697e-05,0.00018318485,30
3530.0,3535.0,3532.5,3.9079435e-05,0.00019539718,32
3535.0,3540.0,3537.5,3.1752041e-05,0.0001587602,26
3540.0,3545.0,3542.5,4.15219e-05,0.0002076095,34
3545.0,3550.0,3547.5,4.3964364e-05,0.00021982182,36
3550.0,3555.0,3552.5,4.8849294e-05,0.00024424647,40
3555.0,3560.0,3557.5,4.7628061e-05,0.00023814031,39
3560.0,3565.0,3562.5,4.15219e-05,0.0002076095,34
3565.0,3570.0,3567.5,3.5415738e-05,0.00017707869,29
3570.0,3575.0,3572.5,3.663697e-05,0.00018318485,30
3575.0,3580.0,3577.5,3.2973273e-05,0.00016486637,27
3580.0,3585.0,3582.5,4.7628061e-05,0.00023814031,39
3585.0,3590.0,3587.5,3.1752041e-05,0.0001587602,26
3590.0,3595.0,3592.5,4.5185597e-05,0.00022592798,37
3595.0,3600.0,3597.5,3.4194506e-05,0.00017097253,28
3600.0,3605.0,3602.5,4.3964364e-05,0.00021982182,36
3605.0,3610.0,3607.5,4.2743132e-05,0.00021371566,35
3610.0,3615.0,3612.5,2.8088344e-05,0.00014044172,23
3615.0,3620.0,3617.5,3.2973273e-05,0.00016486637,27
3620.0,3625.0,3622.5,3.9079435e-05,0.00019539718,32
3625.0,3630.0,3627.5,3.1752041e-05,0.0001587602,26
3630.0,3635.0,3632.5,3.1752041e-05,0.0001587602,26
3635.0,3640.0,3637.5,2.8088344e-05,0.00014044172,23
3640.0,3645.0,3642.5,3.9079435e-05,0.00019539718,32
3645.0,3650.0,3647.5,3.1752041e-05,0.0001587602,26
3650.0,3655.0,3652.5,3.663697e-05,0.00018318485,30
3655.0,3660.0,3657.5,4.3964364e-05,0.00021982182,36
3660.0,3665.0,3662.5,3.7858203e-05,0.00018929101,31
3665.0,3670.0,3667.5,2.9309576e-05,0.00014654788,24
3670.0,3675.0,3672.5,3.1752041e-05,0.0001587602,26
3675.0,3680.0,3677.5,3.0530809e-05,0.00015265404,25
3680.0,3685.0,3682.5,3.4194506e-05,0.00017097253,28
3685.0,3690.0,3687.5,2.5645879e-05,0.0001282294,21
3690.0,3695.0,3692.5,3.0530809e-05,0.00015265404,25
3695.0,3700.0,3697.5,3.2973273e-05,0.00016486637,27
3700.0,3705.0,3702.5,3.2973273e-05,0.00016486637,27
3705.0,3710.0,3707.5,2.6867112e-05,0.00013433556,22
3710.0,3715.0,3712.5,4.2743132e-05,0.00021371566,35
3715.0,3720.0,3717.5,3.0530809e-05,0.00015265404,25
3720.0,3725.0,3722.5,3.0530809e-05,0.00015265404,25
3725.0,3730.0,3727.5,4.15219e-05,0.0002076095,34
3730.0,3735.0,3732.5,3.9079435e-05,0.00019539718,32
3735.0,3740.0,3737.5,3.5415738e-05,0.00017707869,29
3740.0,3745.0,3742.5,2.9309576e-05,0.00014654788,24
3745.0,3750.0,3747.5,2.9309576e-05,0.00014654788,24
3750.0,3755.0,3752.5,2.5645879e-05,0.0001282294,21
3755.0,3760.0,3757.5,2.6867112e-05,0.00013433556,22
3760.0,3765.0,3762.5,2.9309576e-05,0.00014654788,24
3765.0,3770.0,3767.5,3.4194506e-05,0.00017097253,28
3770.0,3775.0,3772.5,4.0300667e-05,0.00020150334,33
3775.0,3780.0,3777.5,1.7097253e-05,8.5486264e-05,14
3780.0,3785.0,3782.5,1.9539718e-05,9.7698588e-05,16
3785.0,3790.0,3787.5,3.1752041e-05,0.0001587602,26
3790.0,3795.0,3792.5,2.1982182e-05,0.00010991091,18
3795.0,3800.0,3797.5,2.076095e-05,0.00010380475,17
3800.0,3805.0,3802.5,2.076095e-05,0.00010380475,17
3805.0,3810.0,3807.5,2.4424647e-05,0.00012212323,20
3810.0,3815.0,3812.5,3.0530809e-05,0.00015265404,25
3815.0,3820.0,3817.5,2.9309576e-05,0.00014654788,24
3820.0,3825.0,3822.5,3.0530809e-05,0.00015265404,25
3825.0,3830.0,3827.5,2.6867112e-05,0.00013433556,22
3830.0,3835.0,3832.5,2.6867112e-05,0.00013433556,22
3835.0,3840.0,3837.5,2.1982182e-05,0.00010991091,18
3840.0,3845.0,3842.5,4.0300667e-05,0.00020150334,33
3845.0,3850.0,3847.5,3.4194506e-05,0.00017097253,28
3850.0,3855.0,3852.5,2.4424647e-05,0.00012212323,20
3855.0,3860.0,3857.5,2.9309576e-05,0.00014654788,24
3860.0,3865.0,3862.5,2.5645879e-05,0.0001282294,21
3865.0,3870.0,3867.5,4.2743132e-05,0.00021371566,35
3870.0,3875.0,3872.5,2.6867112e-05,0.00013433556,22
3875.0,3880.0,3877.5,2.9309576e-05,0.00014654788,24
3880.0,3885.0,3882.5,3.0530809e-05,0.00015265404,25
3885.0,3890.0,3887.5,2.3203415e-05,0.00011601707,19
3890.0,3895.0,3892.5,2.6867112e-05,0.00013433556,22
3895.0,3900.0,3897.5,3.0530809e-05,0.00015265404,25
3900.0,3905.0,3902.5,3.1752041e-05,0.0001587602,26
3905.0,3910.0,3907.5,1.587602e-05,7.9380102e-05,13
3910.0,3915.0,3912.5,2.5645879e-05,0.0001282294,21
3915.0,3920.0,3917.5,2.8088344e-05,0.00014044172,23
3920.0,3925.0,3922.5,2.4424647e-05,0.00012212323,20
3925.0,3930.0,3927.5,2.076095e-05,0.00010380475,17
3930.0,3935.0,3932.5,3.0530809e-05,0.00015265404,25
3935.0,3940.0,3937.5,3.0530809e-05,0.00015265404,25
3940.0,3945.0,3942.5,3.1752041e-05,0.0001587602,26
3945.0,3950.0,3947.5,2.6867112e-05,0.00013433556,22
3950.0,3955.0,3952.5,2.8088344e-05,0.00014044172,23
3955.0,3960.0,3957.5,2.6867112e-05,0.00013433556,22
3960.0,3965.0,3962.5,1.8318485e-05,9.1592426e-05,15
3965.0,3970.0,3967.5,2.9309576e-05,0.00014654788,24
3970.0,3975.0,3972.5,1.9539718e-05,9.7698588e-05,16
3975.0,3980.0,3977.5,2.4424647e-05,0.00012212323,20
3980.0,3985.0,3982.5,2.5645879e-05,0.0001282294,21
3985.0,3990.0,3987.5,2.076095e-05,0.00010380475,17
3990.0,3995.0,3992.5,2.1982182e-05,0.00010991091,18
3995.0,4000.0,3997.5,3.2973273e-05,0.00016486637,27
4000.0,4005.0,4002.5,2.9309576e-05,0.00014654788,24
4005.0,4010.0,4007.5,4.3964364e-05,0.00021982182,36
4010.0,4015.0,4012.5,2.9309576e-05,0.00014654788,24
4015.0,4020.0,4017.5,2.9309576e-05,0.00014654788,24
4020.0,4025.0,4022.5,2.4424647e-05,0.00012212323,20
4025.0,4030.0,4027.5,2.6867112e-05,0.00013433556,22
4030.0,4035.0,4032.5,2.4424647e-05,0.00012212323,20
4035.0,4040.0,4037.5,3.2973273e-05,0.00016486637,27
4040.0,4045.0,4042.5,3.4194506e-05,0.00017097253,28
4045.0,4050.0,4047.5,2.076095e-05,0.00010380475,17
4050.0,4055.0,4052.5,1.8318485e-05,9.1592426e-05,15
4055.0,4060.0,4057.5,3.2973273e-05,0.00016486637,27
4060.0,4065.0,4062.5,2.9309576e-05,0.00014654788,24
4065.0,4070.0,4067.5,3.1752041e-05,0.0001587602,26
4070.0,4075.0,4072.5,3.2973273e-05,0.00016486637,27
4075.0,4080.0,4077.5,2.5645879e-05,0.0001282294,21
4080.0,4085.0,4082.5,2.6867112e-05,0.00013433556,22
4085.0,4090.0,4087.5,2.076095e-05,0.00010380475,17
4090.0,4095.0,4092.5,2.076095e-05,0.00010380475,17
4095.0,4100.0,4097.5,2.4424647e-05,0.00012212323,20
4100.0,4105.0,4102.5,1.587602e-05,7.9380102e-05,13
4105.0,4110.0,4107.5,3.0530809e-05,0.00015265404,25
4110.0,4115.0,4112.5,3.5415738e-05,0.00017707869,29
4115.0,4120.0,4117.5,1.9539718e-05,9.7698588e-05,16
4120.0,4125.0,4122.5,1.7097253e-05,8.5486264e-05,14
4125.0,4130.0,4127.5,2.4424647e-05,0.00012212323,20
4130.0,4135.0,4132.5,2.076095e-05,0.00010380475,17
4135.0,4140.0,4137.5,3.663697e-05,0.00018318485,30
4140.0,4145.0,4142.5,2.5645879e-05,0.0001282294,21
4145.0,4150.0,4147.5,1.9539718e-05,9.7698588e-05,16
4150.0,4155.0,4152.5,3.2973273e-05,0.00016486637,27
4155.0,4160.0,4157.5,2.4424647e-05,0.00012212323,20
4160.0,4165.0,4162.5,1.587602e-05,7.9380102e-05,13
4165.0,4170.0,4167.5,2.4424647e-05,0.00012212323,20
4170.0,4175.0,4172.5,1.587602e-05,7.9380102e-05,13
4175.0,4180.0,4177.5,2.4424647e-05,0.00012212323,20
4180.0,4185.0,4182.5,1.9539718e-05,9.7698588e-05,16
4185.0,4190.0,4187.5,2.9309576e-05,0.00014654788,24
4190.0,4195.0,4192.5,1.8318485e-05,9.1592426e-05,15
4195.0,4200.0,4197.5,2.5645879e-05,0.0001282294,21
4200.0,4205.0,4202.5,2.1982182e-05,0.00010991091,18
4205.0,4210.0,4207.5,2.4424647e-05,0.00012212323,20
4210.0,4215.0,4212.5,2.6867112e-05,0.00013433556,22
4215.0,4220.0,4217.5,3.4194506e-05,0.00017097253,28
4220.0,4225.0,4222.5,1.9539718e-05,9.7698588e-05,16
4225.0,4230.0,4227.5,2.1982182e-05,0.00010991091,18
4230.0,4235.0,4232.5,1.7097253e-05,8.5486264e-05,14
4235.0,4240.0,4237.5,2.4424647e-05,0.00012212323,20
4240.0,4245.0,4242.5,2.076095e-05,0.00010380475,17
4245.0,4250.0,4247.5,2.1982182e-05,0.00010991091,18
4250.0,4255.0,4252.5,1.3433556e-05,6.7167779e-05,11
4255.0,4260.0,4257.5,2.4424647e-05,0.00012212323,20
4260.0,4265.0,4262.5,3.5415738e-05,0.00017707869,29
4265.0,4270.0,4267.5,3.1752041e-05,0.0001587602,26
4270.0,4275.0,4272.5,2.1982182e-05,0.00010991091,18
4275.0,4280.0,4277.5,1.3433556e-05,6.7167779e-05,11
4280.0,4285.0,4282.5,1.3433556e-05,6.7167779e-05,11
4285.0,4290.0,4287.5,2.6867112e-05,0.00013433556,22
4290.0,4295.0,4292.5,2.4424647e-05,0.00012212323,20
4295.0,4300.0,4297.5,1.7097253e-05,8.5486264e-05,14
4300.0,4305.0,4302.5,1.8318485e-05,9.1592426e-05,15
4305.0,4310.0,4307.5,1.587602e-05,7.9380102e-05,13
4310.0,4315.0,4312.5,1.7097253e-05,8.5486264e-05,14
4315.0,4320.0,4317.5,1.9539718e-05,9.7698588e-05,16
4320.0,4325.0,4322.5,2.9309576e-05,0.00014654788,24
4325.0,4330.0,4327.5,1.2212323e-05,6.1061617e-05,10
4330.0,4335.0,4332.5,1.7097253e-05,8.5486264e-05,14
4335.0,4340.0,4337.5,1.8318485e-05,9.1592426e-05,15
4340.0,4345.0,4342.5,2.9309576e-05,0.00014654788,24
4345.0,4350.0,4347.5,2.076095e-05,0.00010380475,17
4350.0,4355.0,4352.5,1.8318485e-05,9.1592426e-05,15
4355.0,4360.0,4357.5,2.4424647e-05,0.00012212323,20
4360.0,4365.0,4362.5,1.3433556e-05,6.7167779e-05,11
4365.0,4370.0,4367.5,2.076095e-05,0.00010380475,17
4370.0,4375.0,4372.5,1.9539718e-05,9.7698588e-05,16
4375.0,4380.0,4377.5,2.076095e-05,0.00010380475,17
4380.0,4385.0,4382.5,1.9539718e-05,9.7698588e-05,16
4385.0,4390.0,4387.5,1.7097253e-05,8.5486264e-05,14
4390.0,4395.0,4392.5,1.7097253e-05,8.5486264e-05,14
4395.0,4400.0,4397.5,2.1982182e-05,0.00010991091,18
4400.0,4405.0,4402.5,1.2212323e-05,6.1061617e-05,10
4405.0,4410.0,4407.5,1.9539718e-05,9.7698588e-05,16
4410.0,4415.0,4412.5,1.9539718e-05,9.7698588e-05,16
4415.0,4420.0,4417.5,2.6867112e-05,0.00013433556,22
4420.0,4425.0,4422.5,1.4654788e-05,7.3273941e-05,12
4425.0,4430.0,4427.5,1.9539718e-05,9.7698588e-05,16
4430.0,4435.0,4432.5,1.7097253e-05,8.5486264e-05,14
4435.0,4440.0,4437.5,2.6867112e-05,0.00013433556,22
4440.0,4445.0,4442.5,1.9539718e-05,9.7698588e-05,16
4445.0,4450.0,4447.5,2.6867112e-05,0.00013433556,22
4450.0,4455.0,4452.5,1.4654788e-05,7.3273941e-05,12
4455.0,4460.0,4457.5,1.7097253e-05,8.5486264e-05,14
4460.0,4465.0,4462.5,1.587602e-05,7.9380102e-05,13
4465.0,4470.0,4467.5,3.0530809e-05,0.00015265404,25
4470.0,4475.0,4472.5,3.0530809e-05,0.00015265404,25
4475.0,4480.0,4477.5,1.0991091e-05,5.4955456e-05,9
4480.0,4485.0,4482.5,1.9539718e-05,9.7698588e-05,16
4485.0,4490.0,4487.5,2.1982182e-05,0.00010991091,18
4490.0,4495.0,4492.5,1.8318485e-05,9.1592426e-05,15
4495.0,4500.0,4497.5,1.9539718e-05,9.7698588e-05,16
4500.0,4505.0,4502.5,2.1982182e-05,0.00010991091,18
4505.0,4510.0,4507.5,2.1982182e-05,0.00010991091,18
4510.0,4515.0,4512.5,1.4654788e-05,7.3273941e-05,12
4515.0,4520.0,4517.5,1.8318485e-05,9.1592426e-05,15
4520.0,4525.0,4522.5,1.9539718e-05,9.7698588e-05,16
4525.0,4530.0,4527.5,1.8318485e-05,9.1592426e-05,15
4530.0,4535.0,4532.5,1.9539718e-05,9.7698588e-05,16
4535.0,4540.0,4537.5,2.076095e-05,0.00010380475,17
4540.0,4545.0,4542.5,2.076095e-05,0.00010380475,17
4545.0,4550.0,4547.5,1.3433556e-05,6.7167779e-05,11
4550.0,4555.0,4552.5,1.4654788e-05,7.3273941e-05,12
4555.0,4560.0,4557.5,1.8318485e-05,9.1592426e-05,15
4560.0,4565.0,4562.5,2.1982182e-05,0.00010991091,18
4565.0,4570.0,4567.5,2.076095e-05,0.00010380475,17
4570.0,4575.0,4572.5,1.7097253e-05,8.5486264e-05,14
4575.0,4580.0,4577.5,2.5645879e-05,0.0001282294,21
4580.0,4585.0,4582.5,2.3203415e-05,0.00011601707,19
4585.0,4590.0,4587.5,1.4654788e-05,7.3273941e-05,12
4590.0,4595.0,4592.5,1.7097253e-05,8.5486264e-05,14
4595.0,4600.0,4597.5,1.9539718e-05,9.7698588e-05,16
4600.0,4605.0,4602.5,1.3433556e-05,6.7167779e-05,11
4605.0,4610.0,4607.5,2.076095e-05,0.00010380475,17
4610.0,4615.0,4612.5,2.8088344e-05,0.00014044172,23
4615.0,4620.0,4617.5,2.076095e-05,0.00010380475,17
4620.0,4625.0,4622.5,2.076095e-05,0.00010380475,17
4625.0,4630.0,4627.5,1.3433556e-05,6.7167779e-05,11
4630.0,4635.0,4632.5,1.4654788e-05,7.3273941e-05,12
4635.0,4640.0,4637.5,1.4654788e-05,7.3273941e-05,12
4640.0,4645.0,4642.5,1.0991091e-05,5.4955456e-05,9
4645.0,4650.0,4647.5,1.0991091e-05,5.4955456e-05,9
4650.0,4655.0,4652.5,1.3433556e-05,6.7167779e-05,11
4655.0,4660.0,4657.5,1.2212323e-05,6.1061617e-05,10
4660.0,4665.0,4662.5,2.076095e-05,0.00010380475,17
4665.0,4670.0,4667.5,1.7097253e-05,8.5486264e-05,14
4670.0,4675.0,4672.5,6.1061617e-06,3.0530809e-05,5
4675.0,4680.0,4677.5,1.4654788e-05,7.3273941e-05,12
4680.0,4685.0,4682.5,1.587602e-05,7.9380102e-05,13
4685.0,4690.0,4687.5,6.1061617e-06,3.0530809e-05,5
4690.0,4695.0,4692.5,1.4654788e-05,7.3273941e-05,12
4695.0,4700.0,4697.5,1.587602e-05,7.9380102e-05,13
4700.0,4705.0,4702.5,1.2212323e-05,6.1061617e-05,10
4705.0,4710.0,4707.5,1.3433556e-05,6.7167779e-05,11
4710.0,4715.0,4712.5,1.3433556e-05,6.7167779e-05,11
4715.0,4720.0,4717.5,1.3433556e-05,6.7167779e-05,11
4720.0,4725.0,4722.5,1.4654788e-05,7.3273941e-05,12
4725.0,4730.0,4727.5,2.3203415e-05,0.00011601707,19
4730.0,4735.0,4732.5,1.4654788e-05,7.3273941e-05,12
4735.0,4740.0,4737.5,1.4654788e-05,7.3273941e-05,12
4740.0,4745.0,4742.5,1.587602e-05,7.9380102e-05,13
4745.0,4750.0,4747.5,1.4654788e-05,7.3273941e-05,12
4750.0,4755.0,4752.5,1.2212323e-05,6.1061617e-05,10
4755.0,4760.0,4757.5,8.5486264e-06,4.2743132e-05,7
4760.0,4765.0,4762.5,1.7097253e-05,8.5486264e-05,14
4765.0,4770.0,4767.5,1.587602e-05,7.9380102e-05,13
4770.0,4775.0,4772.5,1.2212323e-05,6.1061617e-05,10
4775.0,4780.0,4777.5,8.5486264e-06,4.2743132e-05,7
4780.0,4785.0,4782.5,2.076095e-05,0.00010380475,17
4785.0,4790.0,4787.5,4.8849294e-06,2.4424647e-05,4
4790.0,4795.0,4792.5,2.3203415e-05,0.00011601707,19
4795.0,4800.0,4797.5,1.8318485e-05,9.1592426e-05,15
4800.0,4805.0,4802.5,1.2212323e-05,6.1061617e-05,10
4805.0,4810.0,4807.5,2.1982182e-05,0.00010991091,18
4810.0,4815.0,4812.5,1.2212323e-05,6.1061617e-05,10
4815.0,4820.0,4817.5,9.7698588e-06,4.8849294e-05,8
4820.0,4825.0,4822.5,1.2212323e-05,6.1061617e-05,10
4825.0,4830.0,4827.5,1.3433556e-05,6.7167779e-05,11
4830.0,4835.0,4832.5,1.8318485e-05,9.1592426e-05,15
4835.0,4840.0,4837.5,1.4654788e-05,7.3273941e-05,12
4840.0,4845.0,4842.5,1.7097253e-05,8.5486264e-05,14
4845.0,4850.0,4847.5,1.0991091e-05,5.4955456e-05,9
4850.0,4855.0,4852.5,1.587602e-05,7.9380102e-05,13
4855.0,4860.0,4857.5,1.4654788e-05,7.3273941e-05,12
4860.0,4865.0,4862.5,8.5486264e-06,4.2743132e-05,7
4865.0,4870.0,4867.5,1.2212323e-05,6.1061617e-05,10
4870.0,4875.0,4872.5,7.3273941e-06,3.663697e-05,6
4875.0,4880.0,4877.5,1.3433556e-05,6.7167779e-05,11
4880.0,4885.0,4882.5,1.0991091e-05,5.4955456e-05,9
4885.0,4890.0,4887.5,7.3273941e-06,3.663697e-05,6
4890.0,4895.0,4892.5,1.0991091e-05,5.4955456e-05,9
4895.0,4900.0,4897.5,9.7698588e-06,4.8849294e-05,8
4900.0,4905.0,4902.5,1.4654788e-05,7.3273941e-05,12
4905.0,4910.0,4907.5,1.3433556e-05,6.7167779e-05,11
4910.0,4915.0,4912.5,1.3433556e-05,6.7167779e-05,11
4915.0,4920.0,4917.5,1.2212323e-05,6.1061617e-05,10
4920.0,4925.0,4922.5,1.587602e-05,7.9380102e-05,13
4925.0,4930.0,4927.5,1.0991091e-05,5.4955456e-05,9
4930.0,4935.0,4932.5,1.3433556e-05,6.7167779e-05,11
4935.0,4940.0,4937.5,1.4654788e-05,7.3273941e-05,12
4940.0,4945.0,4942.5,1.7097253e-05,8.5486264e-05,14
4945.0,4950.0,4947.5,1.4654788e-05,7.3273941e-05,12
4950.0,4955.0,4952.5,1.3433556e-05,6.7167779e-05,11
4955.0,4960.0,4957.5,1.4654788e-05,7.3273941e-05,12
4960.0,4965.0,4962.5,1.2212323e-05,6.1061617e-05,10
4965.0,4970.0,4967.5,1.587602e-05,7.9380102e-05,13
4970.0,4975.0,4972.5,1.2212323e-05,6.1061617e-05,10
4975.0,4980.0,4977.5,2.1982182e-05,0.00010991091,18
4980.0,4985.0,4982.5,1.2212323e-05,6.1061617e-05,10
4985.0,4990.0,4987.5,9.7698588e-06,4.8849294e-05,8
4990.0,4995.0,4992.5,4.8849294e-06,2.4424647e-05,4
4995.0,5000.0,4997.5,2.3203415e-05,0.00011601707,19
5000.0,5005.0,5002.5,1.587602e-05,7.9380102e-05,13
5005.0,5010.0,5007.5,1.3433556e-05,6.7167779e-05,11
5010.0,5015.0,5012.5,2.076095e-05,0.00010380475,17
5015.0,5020.0,5017.5,1.587602e-05,7.9380102e-05,13
5020.0,5025.0,5022.5,7.3273941e-06,3.663697e-05,6
5025.0,5030.0,5027.5,1.7097253e-05,8.5486264e-05,14
5030.0,5035.0,5032.5,1.2212323e-05,6.1061617e-05,10
5035.0,5040.0,5037.5,1.3433556e-05,6.7167779e-05,11
5040.0,5045.0,5042.5,7.3273941e-06,3.663697e-05,6
5045.0,5050.0,5047.5,1.0991091e-05,5.4955456e-05,9
5050.0,5055.0,5052.5,8.5486264e-06,4.2743132e-05,7
5055.0,5060.0,5057.5,6.1061617e-06,3.0530809e-05,5
5060.0,5065.0,5062.5,1.4654788e-05,7.3273941e-05,12
5065.0,5070.0,5067.5,1.587602e-05,7.9380102e-05,13
5070.0,5075.0,5072.5,6.1061617e-06,3.0530809e-05,5
5075.0,5080.0,5077.5,1.2212323e-05,6.1061617e-05,10
5080.0,5085.0,5082.5,6.1061617e-06,3.0530809e-05,5
5085.0,5090.0,5087.5,9.7698588e-06,4.8849294e-05,8
5090.0,5095.0,5092.5,7.3273941e-06,3.663697e-05,6
5095.0,5100.0,5097.5,1.3433556e-05,6.7167779e-05,11
5100.0,5105.0,5102.5,1.2212323e-05,6.1061617e-05,10
5105.0,5110.0,5107.5,7.3273941e-06,3.663697e-05,6
5110.0,5115.0,5112.5,1.8318485e-05,9.1592426e-05,15
5115.0,5120.0,5117.5,4.8849294e-06,2.4424647e-05,4
5120.0,5125.0,5122.5,1.587602e-05,7.9380102e-05,13
5125.0,5130.0,5127.5,1.2212323e-05,6.1061617e-05,10
5130.0,5135.0,5132.5,7.3273941e-06,3.663697e-05,6
5135.0,5140.0,5137.5,8.5486264e-06,4.2743132e-05,7
5140.0,5145.0,5142.5,9.7698588e-06,4.8849294e-05,8
5145.0,5150.0,5147.5,1.587602e-05,7.9380102e-05,13
5150.0,5155.0,5152.5,9.7698588e-06,4.8849294e-05,8
5155.0,5160.0,5157.5,9.7698588e-06,4.8849294e-05,8
5160.0,5165.0,5162.5,1.3433556e-05,6.7167779e-05,11
5165.0,5170.0,5167.5,8.5486264e-06,4.2743132e-05,7
5170.0,5175.0,5172.5,1.587602e-05,7.9380102e-05,13
5175.0,5180.0,5177.5,8.5486264e-06,4.2743132e-05,7
5180.0,5185.0,5182.5,1.587602e-05,7.9380102e-05,13
5185.0,5190.0,5187.5,9.7698588e-06,4.8849294e-05,8
5190.0,5195.0,5192.5,1.3433556e-05,6.7167779e-05,11
5195.0,5200.0,5197.5,7.3273941e-06,3.663697e-05,6
5200.0,5205.0,5202.5,1.3433556e-05,6.7167779e-05,11
5205.0,5210.0,5207.5,1.2212323e-05,6.1061617e-05,10
5210.0,5215.0,5212.5,1.2212323e-05,6.1061617e-05,10
5215.0,5220.0,5217.5,7.3273941e-06,3.663697e-05,6
5220.0,5225.0,5222.5,8.5486264e-06,4.2743132e-05,7
5225.0,5230.0,5227.5,9.7698588e-06,4.8849294e-05,8
5230.0,5235.0,5232.5,2.3203415e-05,0.00011601707,19
5235.0,5240.0,5237.5,1.0991091e-05,5.4955456e-05,9
5240.0,5245.0,5242.5,7.3273941e-06,3.663697e-05,6
5245.0,5250.0,5247.5,1.8318485e-05,9.1592426e-05,15
5250.0,5255.0,5252.5,8.5486264e-06,4.2743132e-05,7
5255.0,5260.0,5257.5,1.2212323e-05,6.1061617e-05,10
5260.0,5265.0,5262.5,9.7698588e-06,4.8849294e-05,8
5265.0,5270.0,5267.5,1.0991091e-05,5.4955456e-05,9
5270.0,5275.0,5272.5,6.1061617e-06,3.0530809e-05,5
5275.0,5280.0,5277.5,1.0991091e-05,5.4955456e-05,9
5280.0,5285.0,5282.5,8.5486264e-06,4.2743132e-05,7
5285.0,5290.0,5287.5,1.2212323e-05,6.1061617e-05,10
5290.0,5295.0,5292.5,1.2212323e-06,6.1061617e-06,1
5295.0,5300.0,5297.5,4.8849294e-06,2.4424647e-05,4
5300.0,5305.0,5302.5,4.8849294e-06,2.4424647e-05,4
5305.0,5310.0,5307.5,1.7097253e-05,8.5486264e-05,14
5310.0,5315.0,5312.5,1.2212323e-05,6.1061617e-05,10
5315.0,5320.0,5317.5,4.8849294e-06,2.4424647e-05,4
5320.0,5325.0,5322.5,4.8849294e-06,2.4424647e-05,4
5325.0,5330.0,5327.5,4.8849294e-06,2.4424647e-05,4
5330.0,5335.0,5332.5,1.4654788e-05,7.3273941e-05,12
5335.0,5340.0,5337.5,9.7698588e-06,4.8849294e-05,8
5340.0,5345.0,5342.5,3.663697e-06,1.8318485e-05,3
5345.0,5350.0,5347.5,7.3273941e-06,3.663697e-05,6
5350.0,5355.0,5352.5,8.5486264e-06,4.2743132e-05,7
5355.0,5360.0,5357.5,7.3273941e-06,3.663697e-05,6
5360.0,5365.0,5362.5,7.3273941e-06,3.663697e-05,6
5365.0,5370.0,5367.5,7.3273941e-06,3.663697e-05,6
5370.0,5375.0,5372.5,6.1061617e-06,3.0530809e-05,5
5375.0,5380.0,5377.5,8.5486264e-06,4.2743132e-05,7
5380.0,5385.0,5382.5,8.5486264e-06,4.2743132e-05,7
5385.0,5390.0,5387.5,1.2212323e-05,6.1061617e-05,10
5390.0,5395.0,5392.5,1.0991091e-05,5.4955456e-05,9
5395.0,5400.0,5397.5,1.0991091e-05,5.4955456e-05,9
5400.0,5405.0,5402.5,1.587602e-05,7.9380102e-05,13
5405.0,5410.0,5407.5,1.3433556e-05,6.7167779e-05,11
5410.0,5415.0,5412.5,9.7698588e-06,4.8849294e-05,8
5415.0,5420.0,5417.5,6.1061617e-06,3.0530809e-05,5
5420.0,5425.0,5422.5,9.7698588e-06,4.8849294e-05,8
5425.0,5430.0,5427.5,7.3273941e-06,3.663697e-05,6
5430.0,5435.0,5432.5,1.2212323e-05,6.1061617e-05,10
5435.0,5440.0,5437.5,4.8849294e-06,2.4424647e-05,4
5440.0,5445.0,5442.5,1.587602e-05,7.9380102e-05,13
5445.0,5450.0,5447.5,1.2212323e-05,6.1061617e-05,10
5450.0,5455.0,5452.5,9.7698588e-06,4.8849294e-05,8
5455.0,5460.0,5457.5,9.7698588e-06,4.8849294e-05,8
5460.0,5465.0,5462.5,4.8849294e-06,2.4424647e-05,4
5465.0,5470.0,5467.5,1.0991091e-05,5.4955456e-05,9
5470.0,5475.0,5472.5,1.3433556e-05,6.7167779e-05,11
5475.0,5480.0,5477.5,6.1061617e-06,3.0530809e-05,5
5480.0,5485.0,5482.5,1.0991091e-05,5.4955456e-05,9
5485.0,5490.0,5487.5,4.8849294e-06,2.4424647e-05,4
5490.0,5495.0,5492.5,4.8849294e-06,2.4424647e-05,4
5495.0,5500.0,5497.5,1.3433556e-05,6.7167779e-05,11
5500.0,5505.0,5502.5,6.1061617e-06,3.0530809e-05,5
5505.0,5510.0,5507.5,1.0991091e-05,5.4955456e-05,9
5510.0,5515.0,5512.5,1.2212323e-05,6.1061617e-05,10
5515.0,5520.0,5517.5,7.3273941e-06,3.663697e-05,6
5520.0,5525.0,5522.5,1.0991091e-05,5.4955456e-05,9
5525.0,5530.0,5527.5,1.4654788e-05,7.3273941e-05,12
5530.0,5535.0,5532.5,1.0991091e-05,5.4955456e-05,9
5535.0,5540.0,5537.5,9.7698588e-06,4.8849294e-05,8
5540.0,5545.0,5542.5,6.1061617e-06,3.0530809e-05,5
5545.0,5550.0,5547.5,7.3273941e-06,3.663697e-05,6
5550.0,5555.0,5552.5,9.7698588e-06,4.8849294e-05,8
5555.0,5560.0,5557.5,8.5486264e-06,4.2743132e-05,7
5560.0,5565.0,5562.5,8.5486264e-06,4.2743132e-05,7
5565.0,5570.0,5567.5,1.2212323e-05,6.1061617e-05,10
5570.0,5575.0,5572.5,1.2212323e-05,6.1061617e-05,10
5575.0,5580.0,5577.5,1.4654788e-05,7.3273941e-05,12
5580.0,5585.0,5582.5,1.0991091e-05,5.4955456e-05,9
5585.0,5590.0,5587.5,3.663697e-06,1.8318485e-05,3
5590.0,5595.0,5592.5,4.8849294e-06,2.4424647e-05,4
5595.0,5600.0,5597.5,6.1061617e-06,3.0530809e-05,5
5600.0,5605.0,5602.5,1.0991091e-05,5.4955456e-05,9
5605.0,5610.0,5607.5,8.5486264e-06,4.2743132e-05,7
5610.0,5615.0,5612.5,2.4424647e-06,1.2212323e-05,2
5615.0,5620.0,5617.5,4.8849294e-06,2.4424647e-05,4
5620.0,5625.0,5622.5,3.663697e-06,1.8318485e-05,3
5625.0,5630.0,5627.5,6.1061617e-06,3.0530809e-05,5
5630.0,5635.0,5632.5,4.8849294e-06,2.4424647e-05,4
5635.0,5640.0,5637.5,2.4424647e-06,1.2212323e-05,2
5640.0,5645.0,5642.5,4.8849294e-06,2.4424647e-05,4
5645.0,5650.0,5647.5,2.4424647e-06,1.2212323e-05,2
5650.0,5655.0,5652.5,9.7698588e-06,4.8849294e-05,8
5655.0,5660.0,5657.5,1.4654788e-05,7.3273941e-05,12
5660.0,5665.0,5662.5,6.1061617e-06,3.0530809e-05,5
5665.0,5670.0,5667.5,4.8849294e-06,2.4424647e-05,4
5670.0,5675.0,5672.5,1.0991091e-05,5.4955456e-05,9
5675.0,5680.0,5677.5,7.3273941e-06,3.663697e-05,6
5680.0,5685.0,5682.5,7.3273941e-06,3.663697e-05,6
5685.0,5690.0,5687.5,1.0991091e-05,5.4955456e-05,9
5690.0,5695.0,5692.5,8.5486264e-06,4.2743132e-05,7
5695.0,5700.0,5697.5,3.663697e-06,1.8318485e-05,3
5700.0,5705.0,5702.5,6.1061617e-06,3.0530809e-05,5
5705.0,5710.0,5707.5,7.3273941e-06,3.663697e-05,6
5710.0,5715.0,5712.5,7.3273941e-06,3.663697e-05,6
5715.0,5720.0,5717.5,8.5486264e-06,4.2743132e-05,7
5720.0,5725.0,5722.5,1.0991091e-05,5.4955456e-05,9
5725.0,5730.0,5727.5,6.1061617e-06,3.0530809e-05,5
5730.0,5735.0,5732.5,3.663697e-06,1.8318485e-05,3
5735.0,5740.0,5737.5,7.3273941e-06,3.663697e-05,6
5740.0,5745.0,5742.5,3.663697e-06,1.8318485e-05,3
5745.0,5750.0,5747.5,2.4424647e-06,1.2212323e-05,2
5750.0,5755.0,5752.5,9.7698588e-06,4.8849294e-05,8
5755.0,5760.0,5757.5,1.2212323e-06,6.1061617e-06,1
5760.0,5765.0,5762.5,1.2212323e-05,6.1061617e-05,10
5765.0,5770.0,5767.5,8.5486264e-06,4.2743132e-05,7
5770.0,5775.0,5772.5,1.0991091e-05,5.4955456e-05,9
5775.0,5780.0,5777.5,8.5486264e-06,4.2743132e-05,7
5780.0,5785.0,5782.5,1.2212323e-05,6.1061617e-05,10
5785.0,5790.0,5787.5,9.7698588e-06,4.8849294e-05,8
5790.0,5795.0,5792.5,3.663697e-06,1.8318485e-05,3
5795.0,5800.0,5797.5,8.5486264e-06,4.2743132e-05,7
5800.0,5805.0,5802.5,3.663697e-06,1.8318485e-05,3
5805.0,5810.0,5807.5,9.7698588e-06,4.8849294e-05,8
5810.0,5815.0,5812.5,7.3273941e-06,3.663697e-05,6
5815.0,5820.0,5817.5,1.2212323e-06,6.1061617e-06,1
5820.0,5825.0,5822.5,7.3273941e-06,3.663697e-05,6
5825.0,5830.0,5827.5,9.7698588e-06,4.8849294e-05,8
5830.0,5835.0,5832.5,8.5486264e-06,4.2743132e-05,7
5835.0,5840.0,5837.5,9.7698588e-06,4.8849294e-05,8
5840.0,5845.0,5842.5,8.5486264e-06,4.2743132e-05,7
5845.0,5850.0,5847.5,6.1061617e-06,3.0530809e-05,5
5850.0,5855.0,5852.5,7.3273941e-06,3.663697e-05,6
5855.0,5860.0,5857.5,8.5486264e-06,4.2743132e-05,7
5860.0,5865.0,5862.5,6.1061617e-06,3.0530809e-05,5
5865.0,5870.0,5867.5,4.8849294e-06,2.4424647e-05,4
5870.0,5875.0,5872.5,7.3273941e-06,3.663697e-05,6
5875.0,5880.0,5877.5,9.7698588e-06,4.8849294e-05,8
5880.0,5885.0,5882.5,4.8849294e-06,2.4424647e-05,4
5885.0,5890.0,5887.5,9.7698588e-06,4.8849294e-05,8
5890.0,5895.0,5892.5,3.663697e-06,1.8318485e-05,3
5895.0,5900.0,5897.5,3.663697e-06,1.8318485e-05,3
5900.0,5905.0,5902.5,6.1061617e-06,3.0530809e-05,5
5905.0,5910.0,5907.5,3.663697e-06,1.8318485e-05,3
5910.0,5915.0,5912.5,3.663697e-06,1.8318485e-05,3
5915.0,5920.0,5917.5,1.0991091e-05,5.4955456e-05,9
5920.0,5925.0,5922.5,4.8849294e-06,2.4424647e-05,4
5925.0,5930.0,5927.5,1.0991091e-05,5.4955456e-05,9
5930.0,5935.0,5932.5,6.1061617e-06,3.0530809e-05,5
5935.0,5940.0,5937.5,2.4424647e-06,1.2212323e-05,2
5940.0,5945.0,5942.5,7.3273941e-06,3.663697e-05,6
5945.0,5950.0,5947.5,8.5486264e-06,4.2743132e-05,7
5950.0,5955.0,5952.5,8.5486264e-06,4.2743132e-05,7
5955.0,5960.0,5957.5,1.4654788e-05,7.3273941e-05,12
5960.0,5965.0,5962.5,1.2212323e-05,6.1061617e-05,10
5965.0,5970.0,5967.5,1.3433556e-05,6.7167779e-05,11
5970.0,5975.0,5972.5,2.4424647e-06,1.2212323e-05,2
5975.0,5980.0,5977.5,7.3273941e-06,3.663697e-05,6
5980.0,5985.0,5982.5,3.663697e-06,1.8318485e-05,3
5985.0,5990.0,5987.5,7.3273941e-06,3.663697e-05,6
5990.0,5995.0,5992.5,7.3273941e-06,3.663697e-05,6
5995.0,6000.0,5997.5,4.8849294e-06,2.4424647e-05,4
6000.0,6005.0,6002.5,1.0991091e-05,5.4955456e-05,9
6005.0,6010.0,6007.5,8.5486264e-06,4.2743132e-05,7
6010.0,6015.0,6012.5,1.2212323e-05,6.1061617e-05,10
6015.0,6020.0,6017.5,8.5486264e-06,4.2743132e-05,7
6020.0,6025.0,6022.5,8.5486264e-06,4.2743132e-05,7
6025.0,6030.0,6027.5,7.3273941e-06,3.663697e-05,6
6030.0,6035.0,6032.5,8.5486264e-06,4.2743132e-05,7
6035.0,6040.0,6037.5,4.8849294e-06,2.4424647e-05,4
6040.0,6045.0,6042.5,7.3273941e-06,3.663697e-05,6
6045.0,6050.0,6047.5,6.1061617e-06,3.0530809e-05,5
6050.0,6055.0,6052.5,6.1061617e-06,3.0530809e-05,5
6055.0,6060.0,6057.5,3.663697e-06,1.8318485e-05,3
6060.0,6065.0,6062.5,3.663697e-06,1.8318485e-05,3
6065.0,6070.0,6067.5,3.663697e-06,1.8318485e-05,3
6070.0,6075.0,6072.5,7.3273941e-06,3.663697e-05,6
6075.0,6080.0,6077.5,4.8849294e-06,2.4424647e-05,4
6080.0,6085.0,6082.5,3.663697e-06,1.8318485e-05,3
6085.0,6090.0,6087.5,4.8849294e-06,2.4424647e-05,4
6090.0,6095.0,6092.5,3.663697e-06,1.8318485e-05,3
6095.0,6100.0,6097.5,2.4424647e-06,1.2212323e-05,2
6100.0,6105.0,6102.5,2.4424647e-06,1.2212323e-05,2
6105.0,6110.0,6107.5,2.4424647e-06,1.2212323e-05,2
6110.0,6115.0,6112.5,4.8849294e-06,2.4424647e-05,4
6115.0,6120.0,6117.5,1.0991091e-05,5.4955456e-05,9
6120.0,6125.0,6122.5,8.5486264e-06,4.2743132e-05,7
6125.0,6130.0,6127.5,2.4424647e-06,1.2212323e-05,2
6130.0,6135.0,6132.5,1.2212323e-06,6.1061617e-06,1
6135.0,6140.0,6137.5,4.8849294e-06,2.4424647e-05,4
6140.0,6145.0,6142.5,3.663697e-06,1.8318485e-05,3
6145.0,6150.0,6147.5,2.4424647e-06,1.2212323e-05,2
6150.0,6155.0,6152.5,8.5486264e-06,4.2743132e-05,7
6155.0,6160.0,6157.5,9.7698588e-06,4.8849294e-05,8
6160.0,6165.0,6162.5,1.0991091e-05,5.4955456e-05,9
6165.0,6170.0,6167.5,3.663697e-06,1.8318485e-05,3
6170.0,6175.0,6172.5,3.663697e-06,1.8318485e-05,3
6175.0,6180.0,6177.5,4.8849294e-06,2.4424647e-05,4
6180.0,6185.0,6182.5,4.8849294e-06,2.4424647e-05,4
6185.0,6190.0,6187.5,4.8849294e-06,2.4424647e-05,4
6190.0,6195.0,6192.5,6.1061617e-06,3.0530809e-05,5
6195.0,6200.0,6197.5,4.8849294e-06,2.4424647e-05,4
6200.0,6205.0,6202.5,4.8849294e-06,2.4424647e-05,4
6205.0,6210.0,6207.5,3.663697e-06,1.8318485e-05,3
6210.0,6215.0,6212.5,7.3273941e-06,3.663697e-05,6
6215.0,6220.0,6217.5,6.1061617e-06,3.0530809e-05,5
6220.0,6225.0,6222.5,4.8849294e-06,2.4424647e-05,4
6225.0,6230.0,6227.5,6.1061617e-06,3.0530809e-05,5
6230.0,6235.0,6232.5,4.8849294e-06,2.4424647e-05,4
6235.0,6240.0,6237.5,1.2212323e-06,6.1061617e-06,1
6240.0,6245.0,6242.5,2.4424647e-06,1.2212323e-05,2
6245.0,6250.0,6247.5,3.663697e-06,1.8318485e-05,3
6250.0,6255.0,6252.5,8.5486264e-06,4.2743132e-05,7
6255.0,6260.0,6257.5,6.1061617e-06,3.0530809e-05,5
6260.0,6265.0,6262.5,4.8849294e-06,2.4424647e-05,4
6265.0,6270.0,6267.5,2.4424647e-06,1.2212323e-05,2
6270.0,6275.0,6272.5,2.4424647e-06,1.2212323e-05,2
6275.0,6280.0,6277.5,3.663697e-06,1.8318485e-05,3
6280.0,6285.0,6282.5,2.4424647e-06,1.2212323e-05,2
6285.0,6290.0,6287.5,4.8849294e-06,2.4424647e-05,4
6290.0,6295.0,6292.5,8.5486264e-06,4.2743132e-05,7
6295.0,6300.0,6297.5,4.8849294e-06,2.4424647e-05,4
6300.0,6305.0,6302.5,6.1061617e-06,3.0530809e-05,5
6305.0,6310.0,6307.5,6.1061617e-06,3.0530809e-05,5
6310.0,6315.0,6312.5,1.2212323e-06,6.1061617e-06,1
6315.0,6320.0,6317.5,2.4424647e-06,1.2212323e-05,2
6325.0,6330.0,6327.5,2.4424647e-06,1.2212323e-05,2
6330.0,6335.0,6332.5,6.1061617e-06,3.0530809e-05,5
6335.0,6340.0,6337.5,1.2212323e-06,6.1061617e-06,1
6340.0,6345.0,6342.5,4.8849294e-06,2.4424647e-05,4
6345.0,6350.0,6347.5,4.8849294e-06,2.4424647e-05,4
6350.0,6355.0,6352.5,6.1061617e-06,3.0530809e-05,5
6355.0,6360.0,6357.5,6.1061617e-06,3.0530809e-05,5
6360.0,6365.0,6362.5,7.3273941e-06,3.663697e-05,6
6365.0,6370.0,6367.5,3.663697e-06,1.8318485e-05,3
6370.0,6375.0,6372.5,3.663697e-06,1.8318485e-05,3
6375.0,6380.0,6377.5,1.2212323e-06,6.1061617e-06,1
6385.0,6390.0,6387.5,4.8849294e-06,2.4424647e-05,4
6390.0,6395.0,6392.5,4.8849294e-06,2.4424647e-05,4
6395.0,6400.0,6397.5,2.4424647e-06,1.2212323e-05,2
6400.0,6405.0,6402.5,6.1061617e-06,3.0530809e-05,5
6405.0,6410.0,6407.5,1.2212323e-06,6.1061617e-06,1
6410.0,6415.0,6412.5,1.2212323e-06,6.1061617e-06,1
6415.0,6420.0,6417.5,8.5486264e-06,4.2743132e-05,7
6420.0,6425.0,6422.5,4.8849294e-06,2.4424647e-05,4
6425.0,6430.0,6427.5,1.2212323e-06,6.1061617e-06,1
6430.0,6435.0,6432.5,6.1061617e-06,3.0530809e-05,5
6440.0,6445.0,6442.5,4.8849294e-06,2.4424647e-05,4
6445.0,6450.0,6447.5,3.663697e-06,1.8318485e-05,3
6450.0,6455.0,6452.5,4.8849294e-06,2.4424647e-05,4
6455.0,6460.0,6457.5,3.663697e-06,1.8318485e-05,3
6460.0,6465.0,6462.5,2.4424647e-06,1.2212323e-05,2
6465.0,6470.0,6467.5,4.8849294e-06,2.4424647e-05,4
6470.0,6475.0,6472.5,2.4424647e-06,1.2212323e-05,2
6475.0,6480.0,6477.5,6.1061617e-06,3.0530809e-05,5
6480.0,6485.0,6482.5,4.8849294e-06,2.4424647e-05,4
6485.0,6490.0,6487.5,1.2212323e-06,6.1061617e-06,1
6490.0,6495.0,6492.5,1.2212323e-06,6.1061617e-06,1
6495.0,6500.0,6497.5,3.663697e-06,1.8318485e-05,3
6500.0,6505.0,6502.5,3.663697e-06,1.8318485e-05,3
6505.0,6510.0,6507.5,2.4424647e-06,1.2212323e-05,2
6510.0,6515.0,6512.5,4.8849294e-06,2.4424647e-05,4
6515.0,6520.0,6517.5,3.663697e-06,1.8318485e-05,3
6520.0,6525.0,6522.5,1.2212323e-06,6.1061617e-06,1
6525.0,6530.0,6527.5,2.4424647e-06,1.2212323e-05,2
6530.0,6535.0,6532.5,2.4424647e-06,1.2212323e-05,2
6535.0,6540.0,6537.5,2.4424647e-06,1.2212323e-05,2
6540.0,6545.0,6542.5,3.663697e-06,1.8318485e-05,3
6545.0,6550.0,6547.5,8.5486264e-06,4.2743132e-05,7
6550.0,6555.0,6552.5,1.2212323e-06,6.1061617e-06,1
6555.0,6560.0,6557.5,3.663697e-06,1.8318485e-05,3
6560.0,6565.0,6562.5,3.663697e-06,1.8318485e-05,3
6565.0,6570.0,6567.5,4.8849294e-06,2.4424647e-05,4
6570.0,6575.0,6572.5,3.663697e-06,1.8318485e-05,3
6575.0,6580.0,6577.5,6.1061617e-06,3.0530809e-05,5
6580.0,6585.0,6582.5,2.4424647e-06,1.2212323e-05,2
6585.0,6590.0,6587.5,3.663697e-06,1.8318485e-05,3
6590.0,6595.0,6592.5,3.663697e-06,1.8318485e-05,3
6595.0,6600.0,6597.5,3.663697e-06,1.8318485e-05,3
6600.0,6605.0,6602.5,3.663697e-06,1.8318485e-05,3
6605.0,6610.0,6607.5,1.2212323e-06,6.1061617e-06,1
6615.0,6620.0,6617.5,2.4424647e-06,1.2212323e-05,2
6620.0,6625.0,6622.5,8.5486264e-06,4.2743132e-05,7
6625.0,6630.0,6627.5,3.663697e-06,1.8318485e-05,3
6630.0,6635.0,6632.5,1.2212323e-06,6.1061617e-06,1
6635.0,6640.0,6637.5,7.3273941e-06,3.663697e-05,6
6640.0,6645.0,6642.5,3.663697e-06,1.8318485e-05,3
6645.0,6650.0,6647.5,7.3273941e-06,3.663697e-05,6
6650.0,6655.0,6652.5,3.663697e-06,1.8318485e-05,3
6655.0,6660.0,6657.5,3.663697e-06,1.8318485e-05,3
6660.0,6665.0,6662.5,8.5486264e-06,4.2743132e-05,7
6665.0,6670.0,6667.5,6.1061617e-06,3.0530809e-05,5
6670.0,6675.0,6672.5,6.1061617e-06,3.0530809e-05,5
6675.0,6680.0,6677.5,4.8849294e-06,2.4424647e-05,4
6680.0,6685.0,6682.5,4.8849294e-06,2.4424647e-05,4
6685.0,6690.0,6687.5,3.663697e-06,1.8318485e-05,3
6690.0,6695.0,6692.5,4.8849294e-06,2.4424647e-05,4
6695.0,6700.0,6697.5,2.4424647e-06,1.2212323e-05,2
6700.0,6705.0,6702.5,4.8849294e-06,2.4424647e-05,4
6705.0,6710.0,6707.5,2.4424647e-06,1.2212323e-05,2
6710.0,6715.0,6712.5,2.4424647e-06,1.2212323e-05,2
6715.0,6720.0,6717.5,4.8849294e-06,2.4424647e-05,4
6720.0,6725.0,6722.5,3.663697e-06,1.8318485e-05,3
6725.0,6730.0,6727.5,1.2212323e-06,6.1061617e-06,1
6730.0,6735.0,6732.5,2.4424647e-06,1.2212323e-05,2
6735.0,6740.0,6737.5,3.663697e-06,1.8318485e-05,3
6740.0,6745.0,6742.5,4.8849294e-06,2.4424647e-05,4
6745.0,6750.0,6747.5,2.4424647e-06,1.2212323e-05,2
6750.0,6755.0,6752.5,1.2212323e-06,6.1061617e-06,1
6755.0,6760.0,6757.5,6.1061617e-06,3.0530809e-05,5
6760.0,6765.0,6762.5,6.1061617e-06,3.0530809e-05,5
6765.0,6770.0,6767.5,1.2212323e-06,6.1061617e-06,1
6770.0,6775.0,6772.5,1.2212323e-06,6.1061617e-06,1
6775.0,6780.0,6777.5,2.4424647e-06,1.2212323e-05,2
6780.0,6785.0,6782.5,6.1061617e-06,3.0530809e-05,5
6785.0,6790.0,6787.5,3.663697e-06,1.8318485e-05,3
6790.0,6795.0,6792.5,6.1061617e-06,3.0530809e-05,5
6800.0,6805.0,6802.5,1.2212323e-06,6.1061617e-06,1
6805.0,6810.0,6807.5,3.663697e-06,1.8318485e-05,3
6810.0,6815.0,6812.5,3.663697e-06,1.8318485e-05,3
6815.0,6820.0,6817.5,1.2212323e-06,6.1061617e-06,1
6820.0,6825.0,6822.5,8.5486264e-06,4.2743132e-05,7
6825.0,6830.0,6827.5,2.4424647e-06,1.2212323e-05,2
6830.0,6835.0,6832.5,1.2212323e-06,6.1061617e-06,1
6835.0,6840.0,6837.5,3.663697e-06,1.8318485e-05,3
6840.0,6845.0,6842.5,1.2212323e-06,6.1061617e-06,1
6845.0,6850.0,6847.5,1.2212323e-06,6.1061617e-06,1
6850.0,6855.0,6852.5,2.4424647e-06,1.2212323e-05,2
6855.0,6860.0,6857.5,3.663697e-06,1.8318485e-05,3
6860.0,6865.0,6862.5,2.4424647e-06,1.2212323e-05,2
6865.0,6870.0,6867.5,2.4424647e-06,1.2212323e-05,2
6870.0,6875.0,6872.5,1.2212323e-06,6.1061617e-06,1
6875.0,6880.0,6877.5,1.2212323e-06,6.1061617e-06,1
6880.0,6885.0,6882.5,3.663697e-06,1.8318485e-05,3
6885.0,6890.0,6887.5,3.663697e-06,1.8318485e-05,3
6890.0,6895.0,6892.5,4.8849294e-06,2.4424647e-05,4
6895.0,6900.0,6897.5,3.663697e-06,1.8318485e-05,3
6900.0,6905.0,6902.5,7.3273941e-06,3.663697e-05,6
6905.0,6910.0,6907.5,3.663697e-06,1.8318485e-05,3
6910.0,6915.0,6912.5,4.8849294e-06,2.4424647e-05,4
6915.0,6920.0,6917.5,2.4424647e-06,1.2212323e-05,2
6920.0,6925.0,6922.5,2.4424647e-06,1.2212323e-05,2
6925.0,6930.0,6927.5,1.2212323e-06,6.1061617e-06,1
6930.0,6935.0,6932.5,2.4424647e-06,1.2212323e-05,2
6935.0,6940.0,6937.5,4.8849294e-06,2.4424647e-05,4
6940.0,6945.0,6942.5,2.4424647e-06,1.2212323e-05,2
6945.0,6950.0,6947.5,2.4424647e-06,1.2212323e-05,2
6950.0,6955.0,6952.5,3.663697e-06,1.8318485e-05,3
6955.0,6960.0,6957.5,4.8849294e-06,2.4424647e-05,4
6965.0,6970.0,6967.5,2.4424647e-06,1.2212323e-05,2
6970.0,6975.0,6972.5,2.4424647e-06,1.2212323e-05,2
6980.0,6985.0,6982.5,2.4424647e-06,1.2212323e-05,2
6985.0,6990.0,6987.5,1.2212323e-06,6.1061617e-06,1
6990.0,6995.0,6992.5,2.4424647e-06,1.2212323e-05,2
7000.0,7005.0,7002.5,3.663697e-06,1.8318485e-05,3
7005.0,7010.0,7007.5,3.663697e-06,1.8318485e-05,3
7015.0,7020.0,7017.5,4.8849294e-06,2.4424647e-05,4
7020.0,7025.0,7022.5,8.5486264e-06,4.2743132e-05,7
7025.0,7030.0,7027.5,6.1061617e-06,3.0530809e-05,5
7030.0,7035.0,7032.5,4.8849294e-06,2.4424647e-05,4
7035.0,7040.0,7037.5,6.1061617e-06,3.0530809e-05,5
7040.0,7045.0,7042.5,1.2212323e-06,6.1061617e-06,1
7045.0,7050.0,7047.5,2.4424647e-06,1.2212323e-05,2
7050.0,7055.0,7052.5,3.663697e-06,1.8318485e-05,3
7055.0,7060.0,7057.5,2.4424647e-06,1.2212323e-05,2
7060.0,7065.0,7062.5,2.4424647e-06,1.2212323e-05,2
7065.0,7070.0,7067.5,2.4424647e-06,1.2212323e-05,2
7070.0,7075.0,7072.5,2.4424647e-06,1.2212323e-05,2
7075.0,7080.0,7077.5,3.663697e-06,1.8318485e-05,3
7080.0,7085.0,7082.5,2.4424647e-06,1.2212323e-05,2
7085.0,7090.0,7087.5,4.8849294e-06,2.4424647e-05,4
7090.0,7095.0,7092.5,2.4424647e-06,1.2212323e-05,2
7095.0,7100.0,7097.5,2.4424647e-06,1.2212323e-05,2
7100.0,7105.0,7102.5,3.663697e-06,1.8318485e-05,3
7105.0,7110.0,7107.5,6.1061617e-06,3.0530809e-05,5
7110.0,7115.0,7112.5,4.8849294e-06,2.4424647e-05,4
7115.0,7120.0,7117.5,1.2212323e-06,6.1061617e-06,1
7125.0,7130.0,7127.5,2.4424647e-06,1.2212323e-05,2
7130.0,7135.0,7132.5,1.2212323e-06,6.1061617e-06,1
7135.0,7140.0,7137.5,7.3273941e-06,3.663697e-05,6
7140.0,7145.0,7142.5,2.4424647e-06,1.2212323e-05,2
7150.0,7155.0,7152.5,1.2212323e-06,6.1061617e-06,1
7155.0,7160.0,7157.5,1.2212323e-06,6.1061617e-06,1
7160.0,7165.0,7162.5,2.4424647e-06,1.2212323e-05,2
7165.0,7170.0,7167.5,2.4424647e-06,1.2212323e-05,2
7170.0,7175.0,7172.5,1.2212323e-06,6.1061617e-06,1
7175.0,7180.0,7177.5,2.4424647e-06,1.2212323e-05,2
7180.0,7185.0,7182.5,3.663697e-06,1.8318485e-05,3
7185.0,7190.0,7187.5,3.663697e-06,1.8318485e-05,3
7190.0,7195.0,7192.5,2.4424647e-06,1.2212323e-05,2
7200.0,7205.0,7202.5,6.1061617e-06,3.0530809e-05,5
7205.0,7210.0,7207.5,8.5486264e-06,4.2743132e-05,7
7210.0,7215.0,7212.5,6.1061617e-06,3.0530809e-05,5
7220.0,7225.0,7222.5,1.2212323e-06,6.1061617e-06,1
7230.0,7235.0,7232.5,2.4424647e-06,1.2212323e-05,2
7240.0,7245.0,7242.5,1.2212323e-06,6.1061617e-06,1
7245.0,7250.0,7247.5,2.4424647e-06,1.2212323e-05,2
7250.0,7255.0,7252.5,3.663697e-06,1.8318485e-05,3
7260.0,7265.0,7262.5,2.4424647e-06,1.2212323e-05,2
7265.0,7270.0,7267.5,2.4424647e-06,1.2212323e-05,2
7275.0,7280.0,7277.5,3.663697e-06,1.8318485e-05,3
7280.0,7285.0,7282.5,2.4424647e-06,1.2212323e-05,2
7290.0,7295.0,7292.5,2.4424647e-06,1.2212323e-05,2
7300.0,7305.0,7302.5,2.4424647e-06,1.2212323e-05,2
7305.0,7310.0,7307.5,2.4424647e-06,1.2212323e-05,2
7315.0,7320.0,7317.5,1.2212323e-06,6.1061617e-06,1
7320.0,7325.0,7322.5,1.2212323e-06,6.1061617e-06,1
7325.0,7330.0,7327.5,1.2212323e-06,6.1061617e-06,1
7330.0,7335.0,7332.5,1.2212323e-06,6.1061617e-06,1
7340.0,7345.0,7342.5,1.2212323e-06,6.1061617e-06,1
7345.0,7350.0,7347.5,2.4424647e-06,1.2212323e-05,2
7355.0,7360.0,7357.5,1.2212323e-06,6.1061617e-06,1
7360.0,7365.0,7362.5,2.4424647e-06,1.2212323e-05,2
7365.0,7370.0,7367.5,2.4424647e-06,1.2212323e-05,2
7370.0,7375.0,7372.5,1.2212323e-06,6.1061617e-06,1
7375.0,7380.0,7377.5,1.2212323e-06,6.1061617e-06,1
7380.0,7385.0,7382.5,1.2212323e-06,6.1061617e-06,1
7385.0,7390.0,7387.5,1.2212323e-06,6.1061617e-06,1
7390.0,7395.0,7392.5,1.2212323e-06,6.1061617e-06,1
7395.0,7400.0,7397.5,1.2212323e-06,6.1061617e-06,1
7400.0,7405.0,7402.5,2.4424647e-06,1.2212323e-05,2
7405.0,7410.0,7407.5,2.4424647e-06,1.2212323e-05,2
7410.0,7415.0,7412.5,2.4424647e-06,1.2212323e-05,2
7415.0,7420.0,7417.5,4.8849294e-06,2.4424647e-05,4
7420.0,7425.0,7422.5,2.4424647e-06,1.2212323e-05,2
7425.0,7430.0,7427.5,3.663697e-06,1.8318485e-05,3
7430.0,7435.0,7432.5,1.2212323e-06,6.1061617e-06,1
7435.0,7440.0,7437.5,2.4424647e-06,1.2212323e-05,2
7440.0,7445.0,7442.5,3.663697e-06,1.8318485e-05,3
7445.0,7450.0,7447.5,2.4424647e-06,1.2212323e-05,2
7450.0,7455.0,7452.5,6.1061617e-06,3.0530809e-05,5
7455.0,7460.0,7457.5,4.8849294e-06,2.4424647e-05,4
7460.0,7465.0,7462.5,1.2212323e-06,6.1061617e-06,1
7465.0,7470.0,7467.5,3.663697e-06,1.8318485e-05,3
7470.0,7475.0,7472.5,1.2212323e-06,6.1061617e-06,1
7475.0,7480.0,7477.5,2.4424647e-06,1.2212323e-05,2
7480.0,7485.0,7482.5,2.4424647e-06,1.2212323e-05,2
7485.0,7490.0,7487.5,7.3273941e-06,3.663697e-05,6
7490.0,7495.0,7492.5,2.4424647e-06,1.2212323e-05,2
7495.0,7500.0,7497.5,2.4424647e-06,1.2212323e-05,2
7500.0,7505.0,7502.5,2.4424647e-06,1.2212323e-05,2
7505.0,7510.0,7507.5,2.4424647e-06,1.2212323e-05,2
7510.0,7515.0,7512.5,1.2212323e-06,6.1061617e-06,1
7520.0,7525.0,7522.5,6.1061617e-06,3.0530809e-05,5
7525.0,7530.0,7527.5,1.2212323e-06,6.1061617e-06,1
7530.0,7535.0,7532.5,3.663697e-06,1.8318485e-05,3
7535.0,7540.0,7537.5,1.2212323e-06,6.1061617e-06,1
7540.0,7545.0,7542.5,3.663697e-06,1.8318485e-05,3
7545.0,7550.0,7547.5,2.4424647e-06,1.2212323e-05,2
7550.0,7555.0,7552.5,1.2212323e-06,6.1061617e-06,1
7555.0,7560.0,7557.5,2.4424647e-06,1.2212323e-05,2
7560.0,7565.0,7562.5,3.663697e-06,1.8318485e-05,3
7565.0,7570.0,7567.5,4.8849294e-06,2.4424647e-05,4
7570.0,7575.0,7572.5,1.2212323e-06,6.1061617e-06,1
7575.0,7580.0,7577.5,1.2212323e-06,6.1061617e-06,1
7585.0,7590.0,7587.5,3.663697e-06,1.8318485e-05,3
7590.0,7595.0,7592.5,1.2212323e-06,6.1061617e-06,1
7605.0,7610.0,7607.5,1.2212323e-06,6.1061617e-06,1
7610.0,7615.0,7612.5,3.663697e-06,1.8318485e-05,3
7620.0,7625.0,7622.5,1.2212323e-06,6.1061617e-06,1
7625.0,7630.0,7627.5,2.4424647e-06,1.2212323e-05,2
7635.0,7640.0,7637.5,2.4424647e-06,1.2212323e-05,2
7640.0,7645.0,7642.5,1.2212323e-06,6.1061617e-06,1
7645.0,7650.0,7647.5,2.4424647e-06,1.2212323e-05,2
7650.0,7655.0,7652.5,4.8849294e-06,2.4424647e-05,4
7655.0,7660.0,7657.5,3.663697e-06,1.8318485e-05,3
7660.0,7665.0,7662.5,1.2212323e-06,6.1061617e-06,1
7665.0,7670.0,7667.5,2.4424647e-06,1.2212323e-05,2
7670.0,7675.0,7672.5,3.663697e-06,1.8318485e-05,3
7675.0,7680.0,7677.5,1.2212323e-06,6.1061617e-06,1
7685.0,7690.0,7687.5,2.4424647e-06,1.2212323e-05,2
7690.0,7695.0,7692.5,2.4424647e-06,1.2212323e-05,2
7695.0,7700.0,7697.5,3.663697e-06,1.8318485e-05,3
7700.0,7705.0,7702.5,3.663697e-06,1.8318485e-05,3
7705.0,7710.0,7707.5,6.1061617e-06,3.0530809e-05,5
7710.0,7715.0,7712.5,2.4424647e-06,1.2212323e-05,2
7715.0,7720.0,7717.5,2.4424647e-06,1.2212323e-05,2
7720.0,7725.0,7722.5,7.3273941e-06,3.663697e-05,6
7725.0,7730.0,7727.5,2.4424647e-06,1.2212323e-05,2
7730.0,7735.0,7732.5,2.4424647e-06,1.2212323e-05,2
7735.0,7740.0,7737.5,1.2212323e-06,6.1061617e-06,1
7740.0,7745.0,7742.5,1.2212323e-06,6.1061617e-06,1
7745.0,7750.0,7747.5,3.663697e-06,1.8318485e-05,3
7755.0,7760.0,7757.5,1.2212323e-06,6.1061617e-06,1
7760.0,7765.0,7762.5,1.2212323e-06,6.1061617e-06,1
7765.0,7770.0,7767.5,2.4424647e-06,1.2212323e-05,2
7770.0,7775.0,7772.5,3.663697e-06,1.8318485e-05,3
7775.0,7780.0,7777.5,3.663697e-06,1.8318485e-05,3
7785.0,7790.0,7787.5,2.4424647e-06,1.2212323e-05,2
7790.0,7795.0,7792.5,2.4424647e-06,1.2212323e-05,2
7800.0,7805.0,7802.5,2.4424647e-06,1.2212323e-05,2
7805.0,7810.0,7807.5,1.2212323e-06,6.1061617e-06,1
7810.0,7815.0,7812.5,3.663697e-06,1.8318485e-05,3
7815.0,7820.0,7817.5,3.663697e-06,1.8318485e-05,3
7820.0,7825.0,7822.5,2.4424647e-06,1.2212323e-05,2
7830.0,7835.0,7832.5,1.2212323e-06,6.1061617e-06,1
7835.0,7840.0,7837.5,1.2212323e-06,6.1061617e-06,1
7845.0,7850.0,7847.5,1.2212323e-06,6.1061617e-06,1
7850.0,7855.0,7852.5,1.2212323e-06,6.1061617e-06,1
7855.0,7860.0,7857.5,1.2212323e-06,6.1061617e-06,1
7860.0,7865.0,7862.5,1.2212323e-06,6.1061617e-06,1
7865.0,7870.0,7867.5,2.4424647e-06,1.2212323e-05,2
7875.0,7880.0,7877.5,2.4424647e-06,1.2212323e-05,2
7880.0,7885.0,7882.5,2.4424647e-06,1.2212323e-05,2
7895.0,7900.0,7897.5,2.4424647e-06,1.2212323e-05,2
7900.0,7905.0,7902.5,1.2212323e-06,6.1061617e-06,1
7905.0,7910.0,7907.5,3.663697e-06,1.8318485e-05,3
7910.0,7915.0,7912.5,3.663697e-06,1.8318485e-05,3
7920.0,7925.0,7922.5,3.663697e-06,1.8318485e-05,3
7930.0,7935.0,7932.5,2.4424647e-06,1.2212323e-05,2
7935.0,7940.0,7937.5,3.663697e-06,1.8318485e-05,3
7945.0,7950.0,7947.5,2.4424647e-06,1.2212323e-05,2
7950.0,7955.0,7952.5,1.2212323e-06,6.1061617e-06,1
7955.0,7960.0,7957.5,2.4424647e-06,1.2212323e-05,2
7965.0,7970.0,7967.5,2.4424647e-06,1.2212323e-05,2
7970.0,7975.0,7972.5,1.2212323e-06,6.1061617e-06,1
7975.0,7980.0,7977.5,1.2212323e-06,6.1061617e-06,1
7980.0,7985.0,7982.5,2.4424647e-06,1.2212323e-05,2
7990.0,7995.0,7992.5,2.4424647e-06,1.2212323e-05,2
7995.0,8000.0,7997.5,1.2212323e-06,6.1061617e-06,1
8005.0,8010.0,8007.5,1.2212323e-06,6.1061617e-06,1
8010.0,8015.0,8012.5,3.663697e-06,1.8318485e-05,3
8015.0,8020.0,8017.5,2.4424647e-06,1.2212323e-05,2
8020.0,8025.0,8022.5,2.4424647e-06,1.2212323e-05,2
8025.0,8030.0,8027.5,1.2212323e-06,6.1061617e-06,1
8030.0,8035.0,8032.5,3.663697e-06,1.8318485e-05,3
8035.0,8040.0,8037.5,2.4424647e-06,1.2212323e-05,2
8040.0,8045.0,8042.5,3.663697e-06,1.8318485e-05,3
8045.0,8050.0,8047.5,1.2212323e-06,6.1061617e-06,1
8050.0,8055.0,8052.5,3.663697e-06,1.8318485e-05,3
8055.0,8060.0,8057.5,3.663697e-06,1.8318485e-05,3
8060.0,8065.0,8062.5,2.4424647e-06,1.2212323e-05,2
8065.0,8070.0,8067.5,1.2212323e-06,6.1061617e-06,1
8070.0,8075.0,8072.5,3.663697e-06,1.8318485e-05,3
8075.0,8080.0,8077.5,2.4424647e-06,1.2212323e-05,2
8085.0,8090.0,8087.5,1.2212323e-06,6.1061617e-06,1
8090.0,8095.0,8092.5,4.8849294e-06,2.4424647e-05,4
8095.0,8100.0,8097.5,2.4424647e-06,1.2212323e-05,2
8100.0,8105.0,8102.5,2.4424647e-06,1.2212323e-05,2
8115.0,8120.0,8117.5,1.2212323e-06,6.1061617e-06,1
8120.0,8125.0,8122.5,1.2212323e-06,6.1061617e-06,1
8125.0,8130.0,8127.5,1.2212323e-06,6.1061617e-06,1
8130.0,8135.0,8132.5,2.4424647e-06,1.2212323e-05,2
8135.0,8140.0,8137.5,1.2212323e-06,6.1061617e-06,1
8140.0,8145.0,8142.5,2.4424647e-06,1.2212323e-05,2
8145.0,8150.0,8147.5,1.2212323e-06,6.1061617e-06,1
8155.0,8160.0,8157.5,3.663697e-06,1.8318485e-05,3
8160.0,8165.0,8162.5,6.1061617e-06,3.0530809e-05,5
8165.0,8170.0,8167.5,1.2212323e-06,6.1061617e-06,1
8170.0,8175.0,8172.5,6.1061617e-06,3.0530809e-05,5
8175.0,8180.0,8177.5,2.4424647e-06,1.2212323e-05,2
8180.0,8185.0,8182.5,1.2212323e-06,6.1061617e-06,1
8185.0,8190.0,8187.5,2.4424647e-06,1.2212323e-05,2
8190.0,8195.0,8192.5,2.4424647e-06,1.2212323e-05,2
8195.0,8200.0,8197.5,1.2212323e-06,6.1061617e-06,1
8200.0,8205.0,8202.5,2.4424647e-06,1.2212323e-05,2
8210.0,8215.0,8212.5,1.2212323e-06,6.1061617e-06,1
8230.0,8235.0,8232.5,2.4424647e-06,1.2212323e-05,2
8235.0,8240.0,8237.5,2.4424647e-06,1.2212323e-05,2
8255.0,8260.0,8257.5,1.2212323e-06,6.1061617e-06,1
8260.0,8265.0,8262.5,1.2212323e-06,6.1061617e-06,1
8270.0,8275.0,8272.5,2.4424647e-06,1.2212323e-05,2
8275.0,8280.0,8277.5,2.4424647e-06,1.2212323e-05,2
8280.0,8285.0,8282.5,2.4424647e-06,1.2212323e-05,2
8285.0,8290.0,8287.5,1.2212323e-06,6.1061617e-06,1
8300.0,8305.0,8302.5,3.663697e-06,1.8318485e-05,3
8305.0,8310.0,8307.5,3.663697e-06,1.8318485e-05,3
8310.0,8315.0,8312.5,1.2212323e-06,6.1061617e-06,1
8315.0,8320.0,8317.5,1.2212323e-06,6.1061617e-06,1
8320.0,8325.0,8322.5,1.2212323e-06,6.1061617e-06,1
8325.0,8330.0,8327.5,1.2212323e-06,6.1061617e-06,1
8330.0,8335.0,8332.5,1.2212323e-06,6.1061617e-06,1
8335.0,8340.0,8337.5,1.2212323e-06,6.1061617e-06,1
8345.0,8350.0,8347.5,2.4424647e-06,1.2212323e-05,2
8350.0,8355.0,8352.5,2.4424647e-06,1.2212323e-05,2
8360.0,8365.0,8362.5,1.2212323e-06,6.1061617e-06,1
8365.0,8370.0,8367.5,2.4424647e-06,1.2212323e-05,2
8370.0,8375.0,8372.5,1.2212323e-06,6.1061617e-06,1
8375.0,8380.0,8377.5,3.663697e-06,1.8318485e-05,3
8380.0,8385.0,8382.5,2.4424647e-06,1.2212323e-05,2
8385.0,8390.0,8387.5,1.2212323e-06,6.1061617e-06,1
8390.0,8395.0,8392.5,3.663697e-06,1.8318485e-05,3
8395.0,8400.0,8397.5,1.2212323e-06,6.1061617e-06,1
8400.0,8405.0,8402.5,1.2212323e-06,6.1061617e-06,1
8405.0,8410.0,8407.5,2.4424647e-06,1.2212323e-05,2
8410.0,8415.0,8412.5,2.4424647e-06,1.2212323e-05,2
8415.0,8420.0,8417.5,1.2212323e-06,6.1061617e-06,1
8420.0,8425.0,8422.5,1.2212323e-06,6.1061617e-06,1
8430.0,8435.0,8432.5,1.2212323e-06,6.1061617e-06,1
8435.0,8440.0,8437.5,1.2212323e-06,6.1061617e-06,1
8440.0,8445.0,8442.5,1.2212323e-06,6.1061617e-06,1
8445.0,8450.0,8447.5,2.4424647e-06,1.2212323e-05,2
8465.0,8470.0,8467.5,3.663697e-06,1.8318485e-05,3
8475.0,8480.0,8477.5,2.4424647e-06,1.2212323e-05,2
8480.0,8485.0,8482.5,2.4424647e-06,1.2212323e-05,2
8485.0,8490.0,8487.5,2.4424647e-06,1.2212323e-05,2
8490.0,8495.0,8492.5,1.2212323e-06,6.1061617e-06,1
8495.0,8500.0,8497.5,1.2212323e-06,6.1061617e-06,1
8500.0,8505.0,8502.5,2.4424647e-06,1.2212323e-05,2
8505.0,8510.0,8507.5,1.2212323e-06,6.1061617e-06,1
8515.0,8520.0,8517.5,1.2212323e-06,6.1061617e-06,1
8520.0,8525.0,8522.5,1.2212323e-06,6.1061617e-06,1
8535.0,8540.0,8537.5,1.2212323e-06,6.1061617e-06,1
8540.0,8545.0,8542.5,4.8849294e-06,2.4424647e-05,4
8545.0,8550.0,8547.5,2.4424647e-06,1.2212323e-05,2
8550.0,8555.0,8552.5,4.8849294e-06,2.4424647e-05,4
8555.0,8560.0,8557.5,1.2212323e-06,6.1061617e-06,1
8565.0,8570.0,8567.5,1.2212323e-06,6.1061617e-06,1
8570.0,8575.0,8572.5,1.2212323e-06,6.1061617e-06,1
8575.0,8580.0,8577.5,1.2212323e-06,6.1061617e-06,1
8585.0,8590.0,8587.5,1.2212323e-06,6.1061617e-06,1
8600.0,8605.0,8602.5,3.663697e-06,1.8318485e-05,3
8615.0,8620.0,8617.5,1.2212323e-06,6.1061617e-06,1
8620.0,8625.0,8622.5,1.2212323e-06,6.1061617e-06,1
8630.0,8635.0,8632.5,1.2212323e-06,6.1061617e-06,1
8640.0,8645.0,8642.5,2.4424647e-06,1.2212323e-05,2
8645.0,8650.0,8647.5,3.663697e-06,1.8318485e-05,3
8660.0,8665.0,8662.5,3.663697e-06,1.8318485e-05,3
8665.0,8670.0,8667.5,2.4424647e-06,1.2212323e-05,2
8675.0,8680.0,8677.5,1.2212323e-06,6.1061617e-06,1
8685.0,8690.0,8687.5,1.2212323e-06,6.1061617e-06,1
8695.0,8700.0,8697.5,1.2212323e-06,6.1061617e-06,1
8700.0,8705.0,8702.5,1.2212323e-06,6.1061617e-06,1
8705.0,8710.0,8707.5,1.2212323e-06,6.1061617e-06,1
8710.0,8715.0,8712.5,2.4424647e-06,1.2212323e-05,2
8725.0,8730.0,8727.5,1.2212323e-06,6.1061617e-06,1
8730.0,8735.0,8732.5,1.2212323e-06,6.1061617e-06,1
8735.0,8740.0,8737.5,1.2212323e-06,6.1061617e-06,1
8750.0,8755.0,8752.5,1.2212323e-06,6.1061617e-06,1
8765.0,8770.0,8767.5,2.4424647e-06,1.2212323e-05,2
8775.0,8780.0,8777.5,1.2212323e-06,6.1061617e-06,1
8780.0,8785.0,8782.5,2.4424647e-06,1.2212323e-05,2
8790.0,8795.0,8792.5,1.2212323e-06,6.1061617e-06,1
8800.0,8805.0,8802.5,2.4424647e-06,1.2212323e-05,2
8805.0,8810.0,8807.5,1.2212323e-06,6.1061617e-06,1
8810.0,8815.0,8812.5,3.663697e-06,1.8318485e-05,3
8815.0,8820.0,8817.5,1.2212323e-06,6.1061617e-06,1
8830.0,8835.0,8832.5,1.2212323e-06,6.1061617e-06,1
8835.0,8840.0,8837.5,2.4424647e-06,1.2212323e-05,2
8840.0,8845.0,8842.5,1.2212323e-06,6.1061617e-06,1
8845.0,8850.0,8847.5,1.2212323e-06,6.1061617e-06,1
8860.0,8865.0,8862.5,1.2212323e-06,6.1061617e-06,1
8875.0,8880.0,8877.5,1.2212323e-06,6.1061617e-06,1
8880.0,8885.0,8882.5,2.4424647e-06,1.2212323e-05,2
8890.0,8895.0,8892.5,1.2212323e-06,6.1061617e-06,1
8895.0,8900.0,8897.5,2.4424647e-06,1.2212323e-05,2
8900.0,8905.0,8902.5,1.2212323e-06,6.1061617e-06,1
8905.0,8910.0,8907.5,2.4424647e-06,1.2212323e-05,2
8910.0,8915.0,8912.5,1.2212323e-06,6.1061617e-06,1
8920.0,8925.0,8922.5,2.4424647e-06,1.2212323e-05,2
8930.0,8935.0,8932.5,1.2212323e-06,6.1061617e-06,1
8935.0,8940.0,8937.5,1.2212323e-06,6.1061617e-06,1
8945.0,8950.0,8947.5,1.2212323e-06,6.1061617e-06,1
8955.0,8960.0,8957.5,1.2212323e-06,6.1061617e-06,1
8965.0,8970.0,8967.5,1.2212323e-06,6.1061617e-06,1
8970.0,8975.0,8972.5,1.2212323e-06,6.1061617e-06,1
8975.0,8980.0,8977.5,3.663697e-06,1.8318485e-05,3
8980.0,8985.0,8982.5,2.4424647e-06,1.2212323e-05,2
8990.0,8995.0,8992.5,1.2212323e-06,6.1061617e-06,1
9000.0,9005.0,9002.5,1.2212323e-06,6.1061617e-06,1
9005.0,9010.0,9007.5,1.2212323e-06,6.1061617e-06,1
9015.0,9020.0,9017.5,1.2212323e-06,6.1061617e-06,1
9020.0,9025.0,9022.5,1.2212323e-06,6.1061617e-06,1
9025.0,9030.0,9027.5,1.2212323e-06,6.1061617e-06,1
9035.0,9040.0,9037.5,2.4424647e-06,1.2212323e-05,2
9045.0,9050.0,9047.5,2.4424647e-06,1.2212323e-05,2
9060.0,9065.0,9062.5,3.663697e-06,1.8318485e-05,3
9080.0,9085.0,9082.5,1.2212323e-06,6.1061617e-06,1
9090.0,9095.0,9092.5,1.2212323e-06,6.1061617e-06,1
9120.0,9125.0,9122.5,2.4424647e-06,1.2212323e-05,2
9135.0,9140.0,9137.5,2.4424647e-06,1.2212323e-05,2
9140.0,9145.0,9142.5,1.2212323e-06,6.1061617e-06,1
9160.0,9165.0,9162.5,2.4424647e-06,1.2212323e-05,2
9165.0,9170.0,9167.5,1.2212323e-06,6.1061617e-06,1
9200.0,9205.0,9202.5,1.2212323e-06,6.1061617e-06,1
9215.0,9220.0,9217.5,1.2212323e-06,6.1061617e-06,1
9225.0,9230.0,9227.5,2.4424647e-06,1.2212323e-05,2
9230.0,9235.0,9232.5,1.2212323e-06,6.1061617e-06,1
9240.0,9245.0,9242.5,1.2212323e-06,6.1061617e-06,1
9245.0,9250.0,9247.5,1.2212323e-06,6.1061617e-06,1
9260.0,9265.0,9262.5,1.2212323e-06,6.1061617e-06,1
9270.0,9275.0,9272.5,2.4424647e-06,1.2212323e-05,2
9305.0,9310.0,9307.5,1.2212323e-06,6.1061617e-06,1
9310.0,9315.0,9312.5,1.2212323e-06,6.1061617e-06,1
9315.0,9320.0,9317.5,1.2212323e-06,6.1061617e-06,1
9335.0,9340.0,9337.5,1.2212323e-06,6.1061617e-06,1
9350.0,9355.0,9352.5,2.4424647e-06,1.2212323e-05,2
9355.0,9360.0,9357.5,1.2212323e-06,6.1061617e-06,1
9360.0,9365.0,9362.5,1.2212323e-06,6.1061617e-06,1
9370.0,9375.0,9372.5,1.2212323e-06,6.1061617e-06,1
9380.0,9385.0,9382.5,1.2212323e-06,6.1061617e-06,1
9390.0,9395.0,9392.5,2.4424647e-06,1.2212323e-05,2
9415.0,9420.0,9417.5,1.2212323e-06,6.1061617e-06,1
9425.0,9430.0,9427.5,1.2212323e-06,6.1061617e-06,1
9450.0,9455.0,9452.5,1.2212323e-06,6.1061617e-06,1
9485.0,9490.0,9487.5,1.2212323e-06,6.1061617e-06,1
9490.0,9495.0,9492.5,1.2212323e-06,6.1061617e-06,1
9505.0,9510.0,9507.5,1.2212323e-06,6.1061617e-06,1
9520.0,9525.0,9522.5,1.2212323e-06,6.1061617e-06,1
9530.0,9535.0,9532.5,2.4424647e-06,1.2212323e-05,2
9575.0,9580.0,9577.5,1.2212323e-06,6.1061617e-06,1
9580.0,9585.0,9582.5,1.2212323e-06,6.1061617e-06,1
9610.0,9615.0,9612.5,1.2212323e-06,6.1061617e-06,1
9620.0,9625.0,9622.5,1.2212323e-06,6.1061617e-06,1
9635.0,9640.0,9637.5,2.4424647e-06,1.2212323e-05,2
9645.0,9650.0,9647.5,1.2212323e-06,6.1061617e-06,1
9650.0,9655.0,9652.5,1.2212323e-06,6.1061617e-06,1
9655.0,9660.0,9657.5,1.2212323e-06,6.1061617e-06,1
9665.0,9670.0,9667.5,1.2212323e-06,6.1061617e-06,1
9670.0,9675.0,9672.5,3.663697e-06,1.8318485e-05,3
9690.0,9695.0,9692.5,1.2212323e-06,6.1061617e-06,1
9700.0,9705.0,9702.5,1.2212323e-06,6.1061617e-06,1
9705.0,9710.0,9707.5,1.2212323e-06,6.1061617e-06,1
9725.0,9730.0,9727.5,1.2212323e-06,6.1061617e-06,1
9730.0,9735.0,9732.5,2.4424647e-06,1.2212323e-05,2
9770.0,9775.0,9772.5,1.2212323e-06,6.1061617e-06,1
9775.0,9780.0,9777.5,1.2212323e-06,6.1061617e-06,1
9790.0,9795.0,9792.5,2.4424647e-06,1.2212323e-05,2
9805.0,9810.0,9807.5,1.2212323e-06,6.1061617e-06,1
9810.0,9815.0,9812.5,1.2212323e-06,6.1061617e-06,1
9815.0,9820.0,9817.5,1.2212323e-06,6.1061617e-06,1
9845.0,9850.0,9847.5,1.2212323e-06,6.1061617e-06,1
9865.0,9870.0,9867.5,1.2212323e-06,6.1061617e-06,1
9880.0,9885.0,9882.5,1.2212323e-06,6.1061617e-06,1
9900.0,9905.0,9902.5,1.2212323e-06,6.1061617e-06,1
9905.0,9910.0,9907.5,1.2212323e-06,6.1061617e-06,1
9910.0,9915.0,9912.5,1.2212323e-06,6.1061617e-06,1
9915.0,9920.0,9917.5,1.2212323e-06,6.1061617e-06,1
9925.0,9930.0,9927.5,1.2212323e-06,6.1061617e-06,1
9945.0,9950.0,9947.5,1.2212323e-06,6.1061617e-06,1
9950.0,9955.0,9952.5,2.4424647e-06,1.2212323e-05,2
9975.0,9980.0,9977.5,1.2212323e-06,6.1061617e-06,1
9985.0,9990.0,9987.5,1.2212323e-06,6.1061617e-06,1
9990.0,9995.0,9992.5,1.2212323e-06,6.1061617e-06,1
10005.0,10010.0,10007.5,1.2212323e-06,6.1061617e-06,1
10010.0,10015.0,10012.5,1.2212323e-06,6.1061617e-06,1
10030.0,10035.0,10032.5,1.2212323e-06,6.1061617e-06,1
10045.0,10050.0,10047.5,1.2212323e-06,6.1061617e-06,1
10050.0,10055.0,10052.5,1.2212323e-06,6.1061617e-06,1
10065.0,10070.0,10067.5,2.4424647e-06,1.2212323e-05,2
10080.0,10085.0,10082.5,1.2212323e-06,6.1061617e-06,1
10085.0,10090.0,10087.5,1.2212323e-06,6.1061617e-06,1
10095.0,10100.0,10097.5,1.2212323e-06,6.1061617e-06,1
10100.0,10105.0,10102.5,1.2212323e-06,6.1061617e-06,1
10125.0,10130.0,10127.5,1.2212323e-06,6.1061617e-06,1
10135.0,10140.0,10137.5,1.2212323e-06,6.1061617e-06,1
10160.0,10165.0,10162.5,1.2212323e-06,6.1061617e-06,1
10165.0,10170.0,10167.5,1.2212323e-06,6.1061617e-06,1
10180.0,10185.0,10182.5,1.2212323e-06,6.1061617e-06,1
10185.0,10190.0,10187.5,1.2212323e-06,6.1061617e-06,1
10190.0,10195.0,10192.5,1.2212323e-06,6.1061617e-06,1
10210.0,10215.0,10212.5,2.4424647e-06,1.2212323e-05,2
10215.0,10220.0,10217.5,1.2212323e-06,6.1061617e-06,1
10230.0,10235.0,10232.5,1.2212323e-06,6.1061617e-06,1
10235.0,10240.0,10237.5,1.2212323e-06,6.1061617e-06,1
10240.0,10245.0,10242.5,1.2212323e-06,6.1061617e-06,1
10250.0,10255.0,10252.5,1.2212323e-06,6.1061617e-06,1
10260.0,10265.0,10262.5,1.2212323e-06,6.1061617e-06,1
10270.0,10275.0,10272.5,1.2212323e-06,6.1061617e-06,1
10300.0,10305.0,10302.5,2.4424647e-06,1.2212323e-05,2
10310.0,10315.0,10312.5,2.4424647e-06,1.2212323e-05,2
10315.0,10320.0,10317.5,1.2212323e-06,6.1061617e-06,1
10340.0,10345.0,10342.5,1.2212323e-06,6.1061617e-06,1
10350.0,10355.0,10352.5,1.2212323e-06,6.1061617e-06,1
10415.0,10420.0,10417.5,1.2212323e-06,6.1061617e-06,1
10450.0,10455.0,10452.5,1.2212323e-06,6.1061617e-06,1
10460.0,10465.0,10462.5,1.2212323e-06,6.1061617e-06,1
10480.0,10485.0,10482.5,1.2212323e-06,6.1061617e-06,1
10495.0,10500.0,10497.5,2.4424647e-06,1.2212323e-05,2
10530.0,10535.0,10532.5,1.2212323e-06,6.1061617e-06,1
10535.0,10540.0,10537.5,1.2212323e-06,6.1061617e-06,1
10550.0,10555.0,10552.5,1.2212323e-06,6.1061617e-06,1
10570.0,10575.0,10572.5,1.2212323e-06,6.1061617e-06,1
10590.0,10595.0,10592.5,1.2212323e-06,6.1061617e-06,1
10630.0,10635.0,10632.5,1.2212323e-06,6.1061617e-06,1
10635.0,10640.0,10637.5,1.2212323e-06,6.1061617e-06,1
10650.0,10655.0,10652.5,1.2212323e-06,6.1061617e-06,1
10675.0,10680.0,10677.5,2.4424647e-06,1.2212323e-05,2
10700.0,10705.0,10702.5,1.2212323e-06,6.1061617e-06,1
10805.0,10810.0,10807.5,1.2212323e-06,6.1061617e-06,1
10810.0,10815.0,10812.5,1.2212323e-06,6.1061617e-06,1
10825.0,10830.0,10827.5,2.4424647e-06,1.2212323e-05,2
10830.0,10835.0,10832.5,1.2212323e-06,6.1061617e-06,1
10855.0,10860.0,10857.5,1.2212323e-06,6.1061617e-06,1
10890.0,10895.0,10892.5,1.2212323e-06,6.1061617e-06,1
10895.0,10900.0,10897.5,1.2212323e-06,6.1061617e-06,1
10910.0,10915.0,10912.5,1.2212323e-06,6.1061617e-06,1
10945.0,10950.0,10947.5,1.2212323e-06,6.1061617e-06,1
11055.0,11060.0,11057.5,1.2212323e-06,6.1061617e-06,1
11115.0,11120.0,11117.5,1.2212323e-06,6.1061617e-06,1
11200.0,11205.0,11202.5,1.2212323e-06,6.1061617e-06,1
11205.0,11210.0,11207.5,1.2212323e-06,6.1061617e-06,1
11300.0,11305.0,11302.5,1.2212323e-06,6.1061617e-06,1
11305.0,11310.0,11307.5,1.2212323e-06,6.1061617e-06,1
11355.0,11360.0,11357.5,1.2212323e-06,6.1061617e-06,1
11375.0,11380.0,11377.5,1.2212323e-06,6.1061617e-06,1
11380.0,11385.0,11382.5,1.2212323e-06,6.1061617e-06,1
11400.0,11405.0,11402.5,1.2212323e-06,6.1061617e-06,1
11445.0,11450.0,11447.5,1.2212323e-06,6.1061617e-06,1
11450.0,11455.0,11452.5,1.2212323e-06,6.1061617e-06,1
11475.0,11480.0,11477.5,1.2212323e-06,6.1061617e-06,1
11725.0,11730.0,11727.5,1.2212323e-06,6.1061617e-06,1
11755.0,11760.0,11757.5,1.2212323e-06,6.1061617e-06,1
11780.0,11785.0,11782.5,2.4424647e-06,1.2212323e-05,2
11785.0,11790.0,11787.5,1.2212323e-06,6.1061617e-06,1
11800.0,11805.0,11802.5,2.4424647e-06,1.2212323e-05,2
11820.0,11825.0,11822.5,1.2212323e-06,6.1061617e-06,1
11880.0,11885.0,11882.5,1.2212323e-06,6.1061617e-06,1
11905.0,11910.0,11907.5,1.2212323e-06,6.1061617e-06,1
11920.0,11925.0,11922.5,1.2212323e-06,6.1061617e-06,1
11955.0,11960.0,11957.5,1.2212323e-06,6.1061617e-06,1
11965.0,11970.0,11967.5,2.4424647e-06,1.2212323e-05,2
12055.0,12060.0,12057.5,1.2212323e-06,6.1061617e-06,1
12100.0,12105.0,12102.5,1.2212323e-06,6.1061617e-06,1
12105.0,12110.0,12107.5,1.2212323e-06,6.1061617e-06,1
12180.0,12185.0,12182.5,1.2212323e-06,6.1061617e-06,1
12200.0,12205.0,12202.5,1.2212323e-06,6.1061617e-06,1
12245.0,12250.0,12247.5,1.2212323e-06,6.1061617e-06,1
12285.0,12290.0,12287.5,1.2212323e-06,6.1061617e-06,1
12305.0,12310.0,12307.5,1.2212323e-06,6.1061617e-06,1
12350.0,12355.0,12352.5,1.2212323e-06,6.1061617e-06,1
12405.0,12410.0,12407.5,1.2212323e-06,6.1061617e-06,1
12430.0,12435.0,12432.5,1.2212323e-06,6.1061617e-06,1
12450.0,12455.0,12452.5,1.2212323e-06,6.1061617e-06,1
12500.0,12505.0,12502.5,1.2212323e-06,6.1061617e-06,1
12530.0,12535.0,12532.5,1.2212323e-06,6.1061617e-06,1
12680.0,12685.0,12682.5,1.2212323e-06,6.1061617e-06,1
12720.0,12725.0,12722.5,1.2212323e-06,6.1061617e-06,1
12815.0,12820.0,12817.5,1.2212323e-06,6.1061617e-06,1
12945.0,12950.0,12947.5,1.2212323e-06,6.1061617e-06,1
12965.0,12970.0,12967.5,1.2212323e-06,6.1061617e-06,1
13105.0,13110.0,13107.5,1.2212323e-06,6.1061617e-06,1
13315.0,13320.0,13317.5,1.2212323e-06,6.1061617e-06,1
13345.0,13350.0,13347.5,1.2212323e-06,6.1061617e-06,1
13880.0,13885.0,13882.5,1.2212323e-06,6.1061617e-06,1
13985.0,13990.0,13987.5,1.2212323e-06,6.1061617e-06,1
14095.0,14100.0,14097.5,1.2212323e-06,6.1061617e-06,1
14170.0,14175.0,14172.5,1.2212323e-06,6.1061617e-06,1
14370.0,14375.0,14372.5,1.2212323e-06,6.1061617e-06,1
14525.0,14530.0,14527.5,1.2212323e-06,6.1061617e-06,1
14660.0,14665.0,14662.5,1.2212323e-06,6.1061617e-06,1
14690.0,14695.0,14692.5,1.2212323e-06,6.1061617e-06,1
14855.0,14860.0,14857.5,1.2212323e-06,6.1061617e-06,1
14930.0,14935.0,14932.5,1.2212323e-06,6.1061617e-06,1
15020.0,15025.0,15022.5,1.2212323e-06,6.1061617e-06,1
15350.0,15355.0,15352.5,1.2212323e-06,6.1061617e-06,1
15380.0,15385.0,15382.5,1.2212323e-06,6.1061617e-06,1
15600.0,15605.0,15602.5,1.2212323e-06,6.1061617e-06,1
15865.0,15870.0,15867.5,1.2212323e-06,6.1061617e-06,1
15910.0,15915.0,15912.5,1.2212323e-06,6.1061617e-06,1
16185.0,16190.0,16187.5,1.2212323e-06,6.1061617e-06,1
