bin_start_us,bin_end_us,bin_mid_us,pdf_per_us,probability,count
210,215,212.5,2.33236e-05,0.000116618,1
215,220,217.5,2.33236e-05,0.000116618,1
220,225,222.5,9.32945e-05,0.000466472,4
225,230,227.5,9.32945e-05,0.000466472,4
230,235,232.5,6.99708e-05,0.000349854,3
235,240,237.5,9.32945e-05,0.000466472,4
240,245,242.5,4.66472e-05,0.000233236,2
245,250,247.5,4.66472e-05,0.000233236,2
250,255,252.5,6.99708e-05,0.000349854,3
255,260,257.5,2.33236e-05,0.000116618,1
260,265,262.5,9.32945e-05,0.000466472,4
265,270,267.5,4.66472e-05,0.000233236,2
270,275,272.5,9.32945e-05,0.000466472,4
275,280,277.5,4.66472e-05,0.000233236,2
280,285,282.5,2.33236e-05,0.000116618,1
285,290,287.5,2.33236e-05,0.000116618,1
290,295,292.5,9.32945e-05,0.000466472,4
295,300,297.5,6.99708e-05,0.000349854,3
300,305,302.5,9.32945e-05,0.000466472,4
305,310,307.5,6.99708e-05,0.000349854,3
310,315,312.5,4.66472e-05,0.000233236,2
315,320,317.5,2.33236e-05,0.000116618,1
320,325,322.5,9.32945e-05,0.000466472,4
325,330,327.5,4.66472e-05,0.000233236,2
330,335,332.5,2.33236e-05,0.000116618,1
335,340,337.5,2.33236e-05,0.000116618,1
340,345,342.5,0.00104956,0.00524781,45
345,350,347.5,0.0011895,0.00594752,51
350,355,352.5,0.00102624,0.0051312,44
355,360,357.5,0.00107289,0.00536443,46
360,365,362.5,0.000909621,0.0045481,39
365,370,367.5,0.000676385,0.00338192,29
370,375,372.5,0.000816327,0.00408163,35
375,380,377.5,0.000303207,0.00151603,13
380,385,382.5,0.00051312,0.0025656,22
385,390,387.5,0.000373178,0.00186589,16
390,395,392.5,0.000163265,0.000816327,7
395,400,397.5,0.000396501,0.00198251,17
400,405,402.5,0.000466472,0.00233236,20
405,410,407.5,0.000326531,0.00163265,14
410,415,412.5,0.000396501,0.00198251,17
415,420,417.5,0.000396501,0.00198251,17
420,425,422.5,0.000396501,0.00198251,17
425,430,427.5,0.000466472,0.00233236,20
430,435,432.5,0.000349854,0.00174927,15
435,440,437.5,0.00051312,0.0025656,22
440,445,442.5,0.00025656,0.0012828,11
445,450,447.5,0.000396501,0.00198251,17
450,455,452.5,0.000163265,0.000816327,7
455,460,457.5,0.000163265,0.000816327,7
460,465,462.5,0.000279883,0.00139942,12
465,470,467.5,0.000396501,0.00198251,17
470,475,472.5,0.0141808,0.0709038,608
475,480,477.5,0.000209913,0.00104956,9
480,485,482.5,0.000349854,0.00174927,15
485,490,487.5,0.000233236,0.00116618,10
490,495,492.5,0.000303207,0.00151603,13
495,500,497.5,0.000139942,0.000699708,6
500,505,502.5,0.000326531,0.00163265,14
505,510,507.5,0.000326531,0.00163265,14
510,515,512.5,0.000373178,0.00186589,16
515,520,517.5,0.00025656,0.0012828,11
520,525,522.5,0.000209913,0.00104956,9
525,530,527.5,0.000349854,0.00174927,15
530,535,532.5,0.000349854,0.00174927,15
535,540,537.5,0.000303207,0.00151603,13
540,545,542.5,0.000396501,0.00198251,17
545,550,547.5,0.000349854,0.00174927,15
550,555,552.5,0.000489796,0.00244898,21
555,560,557.5,0.000326531,0.00163265,14
560,565,562.5,0.000303207,0.00151603,13
565,570,567.5,0.000419825,0.00209913,18
570,575,572.5,0.000233236,0.00116618,10
575,580,577.5,0.000303207,0.00151603,13
580,585,582.5,0.000349854,0.00174927,15
585,590,587.5,0.000279883,0.00139942,12
590,595,592.5,0.000326531,0.00163265,14
595,600,597.5,0.00025656,0.0012828,11
600,605,602.5,0.000536443,0.00268222,23
605,610,607.5,0.000396501,0.00198251,17
610,615,612.5,0.000326531,0.00163265,14
615,620,617.5,0.000349854,0.00174927,15
620,625,622.5,0.000373178,0.00186589,16
625,630,627.5,0.000279883,0.00139942,12
630,635,632.5,0.000326531,0.00163265,14
635,640,637.5,0.000419825,0.00209913,18
640,645,642.5,0.000373178,0.00186589,16
645,650,647.5,0.00025656,0.0012828,11
650,655,652.5,0.000303207,0.00151603,13
655,660,657.5,0.000303207,0.00151603,13
660,665,662.5,0.00025656,0.0012828,11
665,670,667.5,0.000349854,0.00174927,15
670,675,672.5,0.000139942,0.000699708,6
675,680,677.5,0.000303207,0.00151603,13
680,685,682.5,0.000209913,0.00104956,9
685,690,687.5,0.000349854,0.00174927,15
690,695,692.5,0.000186589,0.000932945,8
695,700,697.5,0.000349854,0.00174927,15
700,705,702.5,0.000326531,0.00163265,14
705,710,707.5,0.000303207,0.00151603,13
710,715,712.5,0.000396501,0.00198251,17
715,720,717.5,0.000279883,0.00139942,12
720,725,722.5,0.000233236,0.00116618,10
725,730,727.5,0.000396501,0.00198251,17
730,735,732.5,0.000186589,0.000932945,8
735,740,737.5,0.000233236,0.00116618,10
740,745,742.5,0.00151603,0.00758017,65
745,750,747.5,0.000186589,0.000932945,8
750,755,752.5,0.000209913,0.00104956,9
755,760,757.5,0.000279883,0.00139942,12
760,765,762.5,0.000186589,0.000932945,8
765,770,767.5,0.000233236,0.00116618,10
770,775,772.5,0.000186589,0.000932945,8
775,780,777.5,0.000419825,0.00209913,18
780,785,782.5,0.000466472,0.00233236,20
785,790,787.5,0.000279883,0.00139942,12
790,795,792.5,0.000186589,0.000932945,8
795,800,797.5,0.000233236,0.00116618,10
800,805,802.5,0.000186589,0.000932945,8
805,810,807.5,0.000186589,0.000932945,8
810,815,812.5,0.000303207,0.00151603,13
815,820,817.5,0.000186589,0.000932945,8
820,825,822.5,0.000116618,0.00058309,5
825,830,827.5,0.000209913,0.00104956,9
830,835,832.5,0.000233236,0.00116618,10
835,840,837.5,0.000279883,0.00139942,12
840,845,842.5,0.000116618,0.00058309,5
845,850,847.5,0.000186589,0.000932945,8
850,855,852.5,0.000139942,0.000699708,6
855,860,857.5,0.00025656,0.0012828,11
860,865,862.5,0.000233236,0.00116618,10
865,870,867.5,0.000279883,0.00139942,12
870,875,872.5,0.000186589,0.000932945,8
875,880,877.5,0.000163265,0.000816327,7
880,885,882.5,0.000139942,0.000699708,6
885,890,887.5,0.000116618,0.00058309,5
890,895,892.5,0.000326531,0.00163265,14
895,900,897.5,0.000186589,0.000932945,8
900,905,902.5,0.000186589,0.000932945,8
905,910,907.5,0.000163265,0.000816327,7
910,915,912.5,0.000559767,0.00279883,24
915,920,917.5,0.000186589,0.000932945,8
920,925,922.5,0.000233236,0.00116618,10
925,930,927.5,0.000233236,0.00116618,10
930,935,932.5,0.000233236,0.00116618,10
935,940,937.5,0.000233236,0.00116618,10
940,945,942.5,0.000139942,0.000699708,6
945,950,947.5,0.000209913,0.00104956,9
950,955,952.5,0.000186589,0.000932945,8
955,960,957.5,0.000326531,0.00163265,14
960,965,962.5,0.000163265,0.000816327,7
965,970,967.5,0.00025656,0.0012828,11
970,975,972.5,0.000163265,0.000816327,7
975,980,977.5,0.000209913,0.00104956,9
980,985,982.5,0.000209913,0.00104956,9
985,990,987.5,0.000139942,0.000699708,6
990,995,992.5,2.33236e-05,0.000116618,1
995,1000,997.5,0.000163265,0.000816327,7
1000,1005,1002.5,0.000419825,0.00209913,18
1005,1010,1007.5,0.000209913,0.00104956,9
1010,1015,1012.5,0.000629738,0.00314869,27
1015,1020,1017.5,0.000303207,0.00151603,13
1020,1025,1022.5,0.000466472,0.00233236,20
1025,1030,1027.5,0.000163265,0.000816327,7
1030,1035,1032.5,0.000186589,0.000932945,8
1035,1040,1037.5,0.000233236,0.00116618,10
1040,1045,1042.5,0.000163265,0.000816327,7
1045,1050,1047.5,0.000303207,0.00151603,13
1050,1055,1052.5,0.000279883,0.00139942,12
1055,1060,1057.5,0.000279883,0.00139942,12
1060,1065,1062.5,0.000303207,0.00151603,13
1065,1070,1067.5,0.000303207,0.00151603,13
1070,1075,1072.5,0.000326531,0.00163265,14
1075,1080,1077.5,0.00025656,0.0012828,11
1080,1085,1082.5,0.000233236,0.00116618,10
1085,1090,1087.5,0.000186589,0.000932945,8
1090,1095,1092.5,0.000139942,0.000699708,6
1095,1100,1097.5,0.000209913,0.00104956,9
1100,1105,1102.5,0.000233236,0.00116618,10
1105,1110,1107.5,0.000326531,0.00163265,14
1110,1115,1112.5,0.00025656,0.0012828,11
1115,1120,1117.5,0.000116618,0.00058309,5
1120,1125,1122.5,0.000326531,0.00163265,14
1125,1130,1127.5,0.000279883,0.00139942,12
1130,1135,1132.5,0.000209913,0.00104956,9
1135,1140,1137.5,0.000163265,0.000816327,7
1140,1145,1142.5,0.000186589,0.000932945,8
1145,1150,1147.5,0.000163265,0.000816327,7
1150,1155,1152.5,0.000303207,0.00151603,13
1155,1160,1157.5,0.000349854,0.00174927,15
1160,1165,1162.5,0.000303207,0.00151603,13
1165,1170,1167.5,0.000209913,0.00104956,9
1170,1175,1172.5,0.000139942,0.000699708,6
1175,1180,1177.5,0.000139942,0.000699708,6
1180,1185,1182.5,0.000209913,0.00104956,9
1185,1190,1187.5,0.000209913,0.00104956,9
1190,1195,1192.5,0.000279883,0.00139942,12
1195,1200,1197.5,0.000233236,0.00116618,10
1200,1205,1202.5,9.32945e-05,0.000466472,4
1205,1210,1207.5,6.99708e-05,0.000349854,3
1210,1215,1212.5,0.00025656,0.0012828,11
1215,1220,1217.5,0.00025656,0.0012828,11
1220,1225,1222.5,0.000209913,0.00104956,9
1225,1230,1227.5,0.000186589,0.000932945,8
1230,1235,1232.5,0.000163265,0.000816327,7
1235,1240,1237.5,0.000186589,0.000932945,8
1240,1245,1242.5,0.000116618,0.00058309,5
1245,1250,1247.5,0.000116618,0.00058309,5
1250,1255,1252.5,0.000209913,0.00104956,9
1255,1260,1257.5,0.000163265,0.000816327,7
1260,1265,1262.5,0.000163265,0.000816327,7
1265,1270,1267.5,0.000326531,0.00163265,14
1270,1275,1272.5,0.000139942,0.000699708,6
1275,1280,1277.5,0.000163265,0.000816327,7
1280,1285,1282.5,0.000209913,0.00104956,9
1285,1290,1287.5,0.000373178,0.00186589,16
1290,1295,1292.5,9.32945e-05,0.000466472,4
1295,1300,1297.5,0.000209913,0.00104956,9
1300,1305,1302.5,0.000139942,0.000699708,6
1305,1310,1307.5,0.000186589,0.000932945,8
1310,1315,1312.5,0.000186589,0.000932945,8
1315,1320,1317.5,0.000163265,0.000816327,7
1320,1325,1322.5,0.000116618,0.00058309,5
1325,1330,1327.5,0.00025656,0.0012828,11
1330,1335,1332.5,0.000163265,0.000816327,7
1335,1340,1337.5,0.000139942,0.000699708,6
1340,1345,1342.5,0.000116618,0.00058309,5
1345,1350,1347.5,0.000116618,0.00058309,5
1350,1355,1352.5,9.32945e-05,0.000466472,4
1355,1360,1357.5,0.00025656,0.0012828,11
1360,1365,1362.5,0.000163265,0.000816327,7
1365,1370,1367.5,0.000116618,0.00058309,5
1370,1375,1372.5,9.32945e-05,0.000466472,4
1375,1380,1377.5,6.99708e-05,0.000349854,3
1380,1385,1382.5,0.000233236,0.00116618,10
1385,1390,1387.5,0.000186589,0.000932945,8
1390,1395,1392.5,0.000209913,0.00104956,9
1395,1400,1397.5,0.000139942,0.000699708,6
1400,1405,1402.5,0.000279883,0.00139942,12
1405,1410,1407.5,0.000233236,0.00116618,10
1410,1415,1412.5,0.000209913,0.00104956,9
1415,1420,1417.5,0.000139942,0.000699708,6
1420,1425,1422.5,0.000186589,0.000932945,8
1425,1430,1427.5,0.000373178,0.00186589,16
1430,1435,1432.5,0.000186589,0.000932945,8
1435,1440,1437.5,0.000116618,0.00058309,5
1440,1445,1442.5,9.32945e-05,0.000466472,4
1445,1450,1447.5,0.000139942,0.000699708,6
1450,1455,1452.5,0.00025656,0.0012828,11
1455,1460,1457.5,0.000163265,0.000816327,7
1460,1465,1462.5,0.000233236,0.00116618,10
1465,1470,1467.5,6.99708e-05,0.000349854,3
1470,1475,1472.5,0.000209913,0.00104956,9
1475,1480,1477.5,0.000163265,0.000816327,7
1480,1485,1482.5,6.99708e-05,0.000349854,3
1485,1490,1487.5,0.000116618,0.00058309,5
1490,1495,1492.5,0.000116618,0.00058309,5
1495,1500,1497.5,0.000139942,0.000699708,6
1500,1505,1502.5,9.32945e-05,0.000466472,4
1505,1510,1507.5,0.000116618,0.00058309,5
1510,1515,1512.5,0.000139942,0.000699708,6
1515,1520,1517.5,0.000186589,0.000932945,8
1520,1525,1522.5,0.000163265,0.000816327,7
1525,1530,1527.5,0.000163265,0.000816327,7
1530,1535,1532.5,9.32945e-05,0.000466472,4
1535,1540,1537.5,6.99708e-05,0.000349854,3
1540,1545,1542.5,0.000233236,0.00116618,10
1545,1550,1547.5,0.000163265,0.000816327,7
1550,1555,1552.5,0.000209913,0.00104956,9
1555,1560,1557.5,9.32945e-05,0.000466472,4
1560,1565,1562.5,0.000209913,0.00104956,9
1565,1570,1567.5,0.000233236,0.00116618,10
1570,1575,1572.5,0.000163265,0.000816327,7
1575,1580,1577.5,9.32945e-05,0.000466472,4
1580,1585,1582.5,0.000279883,0.00139942,12
1585,1590,1587.5,0.000233236,0.00116618,10
1590,1595,1592.5,9.32945e-05,0.000466472,4
1595,1600,1597.5,9.32945e-05,0.000466472,4
1600,1605,1602.5,9.32945e-05,0.000466472,4
1605,1610,1607.5,9.32945e-05,0.000466472,4
1610,1615,1612.5,0.000186589,0.000932945,8
1615,1620,1617.5,0.000163265,0.000816327,7
1620,1625,1622.5,0.000139942,0.000699708,6
1625,1630,1627.5,6.99708e-05,0.000349854,3
1630,1635,1632.5,9.32945e-05,0.000466472,4
1635,1640,1637.5,6.99708e-05,0.000349854,3
1640,1645,1642.5,0.000139942,0.000699708,6
1645,1650,1647.5,0.000209913,0.00104956,9
1650,1655,1652.5,0.00025656,0.0012828,11
1655,1660,1657.5,0.000139942,0.000699708,6
1660,1665,1662.5,0.000186589,0.000932945,8
1665,1670,1667.5,0.000139942,0.000699708,6
1670,1675,1672.5,0.000139942,0.000699708,6
1675,1680,1677.5,4.66472e-05,0.000233236,2
1680,1685,1682.5,0.000163265,0.000816327,7
1685,1690,1687.5,0.000233236,0.00116618,10
1690,1695,1692.5,0.000209913,0.00104956,9
1695,1700,1697.5,0.000139942,0.000699708,6
1700,1705,1702.5,0.000116618,0.00058309,5
1705,1710,1707.5,0.000186589,0.000932945,8
1710,1715,1712.5,0.000139942,0.000699708,6
1715,1720,1717.5,0.000209913,0.00104956,9
1720,1725,1722.5,0.000209913,0.00104956,9
1725,1730,1727.5,0.000209913,0.00104956,9
1730,1735,1732.5,0.000186589,0.000932945,8
1735,1740,1737.5,9.32945e-05,0.000466472,4
1740,1745,1742.5,6.99708e-05,0.000349854,3
1745,1750,1747.5,0.000139942,0.000699708,6
1750,1755,1752.5,6.99708e-05,0.000349854,3
1755,1760,1757.5,0.000139942,0.000699708,6
1760,1765,1762.5,4.66472e-05,0.000233236,2
1765,1770,1767.5,4.66472e-05,0.000233236,2
1770,1775,1772.5,4.66472e-05,0.000233236,2
1775,1780,1777.5,0.000116618,0.00058309,5
1780,1785,1782.5,0.000139942,0.000699708,6
1785,1790,1787.5,0.000186589,0.000932945,8
1790,1795,1792.5,0.000186589,0.000932945,8
1795,1800,1797.5,0.00025656,0.0012828,11
1800,1805,1802.5,0.000116618,0.00058309,5
1805,1810,1807.5,0.000139942,0.000699708,6
1810,1815,1812.5,6.99708e-05,0.000349854,3
1815,1820,1817.5,0.000186589,0.000932945,8
1820,1825,1822.5,6.99708e-05,0.000349854,3
1825,1830,1827.5,9.32945e-05,0.000466472,4
1830,1835,1832.5,0.000163265,0.000816327,7
1835,1840,1837.5,2.33236e-05,0.000116618,1
1840,1845,1842.5,0.000163265,0.000816327,7
1845,1850,1847.5,9.32945e-05,0.000466472,4
1850,1855,1852.5,0.000116618,0.00058309,5
1855,1860,1857.5,0.000116618,0.00058309,5
1860,1865,1862.5,0.000186589,0.000932945,8
1865,1870,1867.5,0.000163265,0.000816327,7
1870,1875,1872.5,0.000116618,0.00058309,5
1875,1880,1877.5,0.000116618,0.00058309,5
1880,1885,1882.5,4.66472e-05,0.000233236,2
1885,1890,1887.5,0.000163265,0.000816327,7
1890,1895,1892.5,0.000209913,0.00104956,9
1895,1900,1897.5,4.66472e-05,0.000233236,2
1900,1905,1902.5,0.000163265,0.000816327,7
1905,1910,1907.5,2.33236e-05,0.000116618,1
1910,1915,1912.5,0.000209913,0.00104956,9
1915,1920,1917.5,0.000139942,0.000699708,6
1920,1925,1922.5,0.000233236,0.00116618,10
1925,1930,1927.5,0.000186589,0.000932945,8
1930,1935,1932.5,0.000116618,0.00058309,5
1935,1940,1937.5,9.32945e-05,0.000466472,4
1940,1945,1942.5,9.32945e-05,0.000466472,4
1945,1950,1947.5,9.32945e-05,0.000466472,4
1950,1955,1952.5,0.000139942,0.000699708,6
1955,1960,1957.5,0.000139942,0.000699708,6
1960,1965,1962.5,0.000116618,0.00058309,5
1965,1970,1967.5,9.32945e-05,0.000466472,4
1970,1975,1972.5,6.99708e-05,0.000349854,3
1975,1980,1977.5,9.32945e-05,0.000466472,4
1980,1985,1982.5,9.32945e-05,0.000466472,4
1985,1990,1987.5,6.99708e-05,0.000349854,3
1990,1995,1992.5,0.000163265,0.000816327,7
1995,2000,1997.5,0.000116618,0.00058309,5
2000,2005,2002.5,0.000186589,0.000932945,8
2005,2010,2007.5,9.32945e-05,0.000466472,4
2010,2015,2012.5,0.000163265,0.000816327,7
2015,2020,2017.5,6.99708e-05,0.000349854,3
2020,2025,2022.5,0.000163265,0.000816327,7
2025,2030,2027.5,0.000139942,0.000699708,6
2030,2035,2032.5,6.99708e-05,0.000349854,3
2035,2040,2037.5,6.99708e-05,0.000349854,3
2040,2045,2042.5,0.000163265,0.000816327,7
2045,2050,2047.5,4.66472e-05,0.000233236,2
2055,2060,2057.5,6.99708e-05,0.000349854,3
2060,2065,2062.5,0.000163265,0.000816327,7
2065,2070,2067.5,4.66472e-05,0.000233236,2
2070,2075,2072.5,0.000233236,0.00116618,10
2075,2080,2077.5,6.99708e-05,0.000349854,3
2080,2085,2082.5,0.000116618,0.00058309,5
2085,2090,2087.5,0.000116618,0.00058309,5
2090,2095,2092.5,0.000186589,0.000932945,8
2095,2100,2097.5,0.000116618,0.00058309,5
2100,2105,2102.5,6.99708e-05,0.000349854,3
2105,2110,2107.5,0.000163265,0.000816327,7
2110,2115,2112.5,4.66472e-05,0.000233236,2
2115,2120,2117.5,9.32945e-05,0.000466472,4
2120,2125,2122.5,6.99708e-05,0.000349854,3
2125,2130,2127.5,6.99708e-05,0.000349854,3
2130,2135,2132.5,0.000163265,0.000816327,7
2135,2140,2137.5,9.32945e-05,0.000466472,4
2140,2145,2142.5,6.99708e-05,0.000349854,3
2145,2150,2147.5,0.000116618,0.00058309,5
2150,2155,2152.5,0.000116618,0.00058309,5
2155,2160,2157.5,9.32945e-05,0.000466472,4
2160,2165,2162.5,0.000163265,0.000816327,7
2165,2170,2167.5,0.000139942,0.000699708,6
2170,2175,2172.5,0.000139942,0.000699708,6
2175,2180,2177.5,0.000116618,0.00058309,5
2180,2185,2182.5,6.99708e-05,0.000349854,3
2185,2190,2187.5,0.000233236,0.00116618,10
2190,2195,2192.5,9.32945e-05,0.000466472,4
2195,2200,2197.5,9.32945e-05,0.000466472,4
2200,2205,2202.5,4.66472e-05,0.000233236,2
2205,2210,2207.5,9.32945e-05,0.000466472,4
2210,2215,2212.5,9.32945e-05,0.000466472,4
2215,2220,2217.5,0.000163265,0.000816327,7
2220,2225,2222.5,0.000163265,0.000816327,7
2225,2230,2227.5,0.000139942,0.000699708,6
2230,2235,2232.5,0.000139942,0.000699708,6
2235,2240,2237.5,0.000186589,0.000932945,8
2240,2245,2242.5,0.000139942,0.000699708,6
2245,2250,2247.5,0.000139942,0.000699708,6
2250,2255,2252.5,0.000209913,0.00104956,9
2255,2260,2257.5,0.000163265,0.000816327,7
2260,2265,2262.5,0.000163265,0.000816327,7
2265,2270,2267.5,9.32945e-05,0.000466472,4
2270,2275,2272.5,4.66472e-05,0.000233236,2
2275,2280,2277.5,0.000163265,0.000816327,7
2280,2285,2282.5,9.32945e-05,0.000466472,4
2285,2290,2287.5,9.32945e-05,0.000466472,4
2290,2295,2292.5,0.000139942,0.000699708,6
2295,2300,2297.5,6.99708e-05,0.000349854,3
2300,2305,2302.5,9.32945e-05,0.000466472,4
2305,2310,2307.5,9.32945e-05,0.000466472,4
2310,2315,2312.5,0.000116618,0.00058309,5
2315,2320,2317.5,0.000233236,0.00116618,10
2320,2325,2322.5,4.66472e-05,0.000233236,2
2325,2330,2327.5,0.000116618,0.00058309,5
2330,2335,2332.5,6.99708e-05,0.000349854,3
2335,2340,2337.5,0.000139942,0.000699708,6
2340,2345,2342.5,9.32945e-05,0.000466472,4
2345,2350,2347.5,9.32945e-05,0.000466472,4
2350,2355,2352.5,0.000139942,0.000699708,6
2355,2360,2357.5,6.99708e-05,0.000349854,3
2360,2365,2362.5,6.99708e-05,0.000349854,3
2365,2370,2367.5,0.000139942,0.000699708,6
2370,2375,2372.5,6.99708e-05,0.000349854,3
2375,2380,2377.5,0.000139942,0.000699708,6
2380,2385,2382.5,0.000139942,0.000699708,6
2385,2390,2387.5,9.32945e-05,0.000466472,4
2390,2395,2392.5,6.99708e-05,0.000349854,3
2395,2400,2397.5,2.33236e-05,0.000116618,1
2400,2405,2402.5,0.000139942,0.000699708,6
2405,2410,2407.5,0.000233236,0.00116618,10
2410,2415,2412.5,0.000186589,0.000932945,8
2415,2420,2417.5,0.000279883,0.00139942,12
2420,2425,2422.5,0.000116618,0.00058309,5
2425,2430,2427.5,2.33236e-05,0.000116618,1
2430,2435,2432.5,0.000186589,0.000932945,8
2435,2440,2437.5,0.000139942,0.000699708,6
2440,2445,2442.5,0.000116618,0.00058309,5
2445,2450,2447.5,0.000186589,0.000932945,8
2450,2455,2452.5,9.32945e-05,0.000466472,4
2455,2460,2457.5,0.000139942,0.000699708,6
2460,2465,2462.5,0.000163265,0.000816327,7
2465,2470,2467.5,2.33236e-05,0.000116618,1
2470,2475,2472.5,2.33236e-05,0.000116618,1
2475,2480,2477.5,0.000116618,0.00058309,5
2480,2485,2482.5,0.000163265,0.000816327,7
2485,2490,2487.5,2.33236e-05,0.000116618,1
2490,2495,2492.5,9.32945e-05,0.000466472,4
2495,2500,2497.5,4.66472e-05,0.000233236,2
2500,2505,2502.5,0.000139942,0.000699708,6
2505,2510,2507.5,0.000139942,0.000699708,6
2510,2515,2512.5,4.66472e-05,0.000233236,2
2515,2520,2517.5,9.32945e-05,0.000466472,4
2520,2525,2522.5,6.99708e-05,0.000349854,3
2525,2530,2527.5,9.32945e-05,0.000466472,4
2530,2535,2532.5,0.000116618,0.00058309,5
2535,2540,2537.5,9.32945e-05,0.000466472,4
2540,2545,2542.5,0.000139942,0.000699708,6
2545,2550,2547.5,0.000139942,0.000699708,6
2550,2555,2552.5,4.66472e-05,0.000233236,2
2555,2560,2557.5,0.000139942,0.000699708,6
2560,2565,2562.5,4.66472e-05,0.000233236,2
2565,2570,2567.5,0.000139942,0.000699708,6
2570,2575,2572.5,2.33236e-05,0.000116618,1
2575,2580,2577.5,6.99708e-05,0.000349854,3
2580,2585,2582.5,0.000139942,0.000699708,6
2585,2590,2587.5,9.32945e-05,0.000466472,4
2590,2595,2592.5,6.99708e-05,0.000349854,3
2595,2600,2597.5,0.000209913,0.00104956,9
2600,2605,2602.5,0.000139942,0.000699708,6
2605,2610,2607.5,0.000163265,0.000816327,7
2610,2615,2612.5,0.000233236,0.00116618,10
2615,2620,2617.5,9.32945e-05,0.000466472,4
2620,2625,2622.5,6.99708e-05,0.000349854,3
2625,2630,2627.5,0.000186589,0.000932945,8
2630,2635,2632.5,6.99708e-05,0.000349854,3
2635,2640,2637.5,0.000209913,0.00104956,9
2640,2645,2642.5,0.000139942,0.000699708,6
2645,2650,2647.5,9.32945e-05,0.000466472,4
2650,2655,2652.5,0.00025656,0.0012828,11
2655,2660,2657.5,6.99708e-05,0.000349854,3
2660,2665,2662.5,9.32945e-05,0.000466472,4
2665,2670,2667.5,0.000116618,0.00058309,5
2670,2675,2672.5,6.99708e-05,0.000349854,3
2675,2680,2677.5,0.000163265,0.000816327,7
2680,2685,2682.5,0.000116618,0.00058309,5
2685,2690,2687.5,0.000116618,0.00058309,5
2690,2695,2692.5,0.000233236,0.00116618,10
2695,2700,2697.5,0.000116618,0.00058309,5
2700,2705,2702.5,4.66472e-05,0.000233236,2
2705,2710,2707.5,0.000139942,0.000699708,6
2710,2715,2712.5,6.99708e-05,0.000349854,3
2715,2720,2717.5,9.32945e-05,0.000466472,4
2720,2725,2722.5,0.000116618,0.00058309,5
2725,2730,2727.5,9.32945e-05,0.000466472,4
2730,2735,2732.5,6.99708e-05,0.000349854,3
2735,2740,2737.5,9.32945e-05,0.000466472,4
2740,2745,2742.5,0.000139942,0.000699708,6
2745,2750,2747.5,0.000116618,0.00058309,5
2750,2755,2752.5,9.32945e-05,0.000466472,4
2755,2760,2757.5,4.66472e-05,0.000233236,2
2760,2765,2762.5,9.32945e-05,0.000466472,4
2765,2770,2767.5,6.99708e-05,0.000349854,3
2770,2775,2772.5,6.99708e-05,0.000349854,3
2775,2780,2777.5,6.99708e-05,0.000349854,3
2785,2790,2787.5,0.000139942,0.000699708,6
2790,2795,2792.5,6.99708e-05,0.000349854,3
2795,2800,2797.5,6.99708e-05,0.000349854,3
2800,2805,2802.5,0.000139942,0.000699708,6
2805,2810,2807.5,6.99708e-05,0.000349854,3
2810,2815,2812.5,0.000186589,0.000932945,8
2815,2820,2817.5,9.32945e-05,0.000466472,4
2820,2825,2822.5,9.32945e-05,0.000466472,4
2825,2830,2827.5,9.32945e-05,0.000466472,4
2830,2835,2832.5,0.000186589,0.000932945,8
2835,2840,2837.5,9.32945e-05,0.000466472,4
2840,2845,2842.5,0.000116618,0.00058309,5
2845,2850,2847.5,0.000116618,0.00058309,5
2850,2855,2852.5,4.66472e-05,0.000233236,2
2855,2860,2857.5,6.99708e-05,0.000349854,3
2860,2865,2862.5,0.000139942,0.000699708,6
2865,2870,2867.5,9.32945e-05,0.000466472,4
2875,2880,2877.5,0.000163265,0.000816327,7
2880,2885,2882.5,0.000209913,0.00104956,9
2885,2890,2887.5,6.99708e-05,0.000349854,3
2890,2895,2892.5,0.000116618,0.00058309,5
2895,2900,2897.5,0.000139942,0.000699708,6
2900,2905,2902.5,9.32945e-05,0.000466472,4
2905,2910,2907.5,0.000116618,0.00058309,5
2910,2915,2912.5,4.66472e-05,0.000233236,2
2915,2920,2917.5,9.32945e-05,0.000466472,4
2920,2925,2922.5,0.000116618,0.00058309,5
2925,2930,2927.5,0.000116618,0.00058309,5
2930,2935,2932.5,9.32945e-05,0.000466472,4
2935,2940,2937.5,2.33236e-05,0.000116618,1
2940,2945,2942.5,6.99708e-05,0.000349854,3
2945,2950,2947.5,6.99708e-05,0.000349854,3
2950,2955,2952.5,6.99708e-05,0.000349854,3
2955,2960,2957.5,6.99708e-05,0.000349854,3
2960,2965,2962.5,0.000139942,0.000699708,6
2965,2970,2967.5,4.66472e-05,0.000233236,2
2970,2975,2972.5,0.000139942,0.000699708,6
2975,2980,2977.5,0.000186589,0.000932945,8
2980,2985,2982.5,0.000139942,0.000699708,6
2985,2990,2987.5,0.000139942,0.000699708,6
2990,2995,2992.5,6.99708e-05,0.000349854,3
2995,3000,2997.5,0.000116618,0.00058309,5
3000,3005,3002.5,0.000116618,0.00058309,5
3005,3010,3007.5,0.000116618,0.00058309,5
3010,3015,3012.5,9.32945e-05,0.000466472,4
3015,3020,3017.5,0.000116618,0.00058309,5
3020,3025,3022.5,9.32945e-05,0.000466472,4
3025,3030,3027.5,0.000186589,0.000932945,8
3030,3035,3032.5,4.66472e-05,0.000233236,2
3035,3040,3037.5,2.33236e-05,0.000116618,1
3040,3045,3042.5,0.000116618,0.00058309,5
3045,3050,3047.5,4.66472e-05,0.000233236,2
3050,3055,3052.5,0.000139942,0.000699708,6
3055,3060,3057.5,6.99708e-05,0.000349854,3
3060,3065,3062.5,0.000116618,0.00058309,5
3065,3070,3067.5,0.000116618,0.00058309,5
3070,3075,3072.5,0.000116618,0.00058309,5
3075,3080,3077.5,4.66472e-05,0.000233236,2
3080,3085,3082.5,6.99708e-05,0.000349854,3
3085,3090,3087.5,0.000139942,0.000699708,6
3090,3095,3092.5,9.32945e-05,0.000466472,4
3095,3100,3097.5,0.000116618,0.00058309,5
3100,3105,3102.5,0.000139942,0.000699708,6
3105,3110,3107.5,2.33236e-05,0.000116618,1
3110,3115,3112.5,0.000233236,0.00116618,10
3115,3120,3117.5,6.99708e-05,0.000349854,3
3120,3125,3122.5,4.66472e-05,0.000233236,2
3125,3130,3127.5,0.000139942,0.000699708,6
3130,3135,3132.5,6.99708e-05,0.000349854,3
3135,3140,3137.5,6.99708e-05,0.000349854,3
3140,3145,3142.5,0.000116618,0.00058309,5
3145,3150,3147.5,9.32945e-05,0.000466472,4
3150,3155,3152.5,0.000163265,0.000816327,7
3160,3165,3162.5,0.000163265,0.000816327,7
3165,3170,3167.5,0.000116618,0.00058309,5
3170,3175,3172.5,4.66472e-05,0.000233236,2
3175,3180,3177.5,0.00025656,0.0012828,11
3180,3185,3182.5,2.33236e-05,0.000116618,1
3185,3190,3187.5,0.000116618,0.00058309,5
3190,3195,3192.5,6.99708e-05,0.000349854,3
3195,3200,3197.5,9.32945e-05,0.000466472,4
3200,3205,3202.5,9.32945e-05,0.000466472,4
3205,3210,3207.5,9.32945e-05,0.000466472,4
3210,3215,3212.5,0.000139942,0.000699708,6
3215,3220,3217.5,4.66472e-05,0.000233236,2
3220,3225,3222.5,4.66472e-05,0.000233236,2
3225,3230,3227.5,4.66472e-05,0.000233236,2
3230,3235,3232.5,0.000139942,0.000699708,6
3235,3240,3237.5,0.000139942,0.000699708,6
3240,3245,3242.5,9.32945e-05,0.000466472,4
3245,3250,3247.5,0.000163265,0.000816327,7
3250,3255,3252.5,6.99708e-05,0.000349854,3
3255,3260,3257.5,6.99708e-05,0.000349854,3
3260,3265,3262.5,9.32945e-05,0.000466472,4
3265,3270,3267.5,4.66472e-05,0.000233236,2
3270,3275,3272.5,4.66472e-05,0.000233236,2
3275,3280,3277.5,6.99708e-05,0.000349854,3
3280,3285,3282.5,0.000139942,0.000699708,6
3285,3290,3287.5,6.99708e-05,0.000349854,3
3290,3295,3292.5,6.99708e-05,0.000349854,3
3295,3300,3297.5,6.99708e-05,0.000349854,3
3300,3305,3302.5,4.66472e-05,0.000233236,2
3305,3310,3307.5,2.33236e-05,0.000116618,1
3310,3315,3312.5,2.33236e-05,0.000116618,1
3315,3320,3317.5,9.32945e-05,0.000466472,4
3320,3325,3322.5,4.66472e-05,0.000233236,2
3325,3330,3327.5,6.99708e-05,0.000349854,3
3330,3335,3332.5,0.000116618,0.00058309,5
3335,3340,3337.5,0.000116618,0.00058309,5
3340,3345,3342.5,6.99708e-05,0.000349854,3
3345,3350,3347.5,9.32945e-05,0.000466472,4
3355,3360,3357.5,6.99708e-05,0.000349854,3
3360,3365,3362.5,6.99708e-05,0.000349854,3
3365,3370,3367.5,0.000186589,0.000932945,8
3370,3375,3372.5,0.000116618,0.00058309,5
3375,3380,3377.5,0.000186589,0.000932945,8
3380,3385,3382.5,0.000116618,0.00058309,5
3385,3390,3387.5,0.000209913,0.00104956,9
3390,3395,3392.5,6.99708e-05,0.000349854,3
3395,3400,3397.5,9.32945e-05,0.000466472,4
3400,3405,3402.5,2.33236e-05,0.000116618,1
3405,3410,3407.5,2.33236e-05,0.000116618,1
3410,3415,3412.5,9.32945e-05,0.000466472,4
3415,3420,3417.5,2.33236e-05,0.000116618,1
3420,3425,3422.5,0.000116618,0.00058309,5
3425,3430,3427.5,6.99708e-05,0.000349854,3
3430,3435,3432.5,0.000139942,0.000699708,6
3435,3440,3437.5,6.99708e-05,0.000349854,3
3440,3445,3442.5,0.000116618,0.00058309,5
3445,3450,3447.5,9.32945e-05,0.000466472,4
3450,3455,3452.5,6.99708e-05,0.000349854,3
3455,3460,3457.5,6.99708e-05,0.000349854,3
3460,3465,3462.5,0.000116618,0.00058309,5
3465,3470,3467.5,0.000116618,0.00058309,5
3470,3475,3472.5,0.000163265,0.000816327,7
3475,3480,3477.5,6.99708e-05,0.000349854,3
3480,3485,3482.5,6.99708e-05,0.000349854,3
3485,3490,3487.5,0.000139942,0.000699708,6
3490,3495,3492.5,0.000116618,0.00058309,5
3495,3500,3497.5,6.99708e-05,0.000349854,3
3500,3505,3502.5,0.000186589,0.000932945,8
3505,3510,3507.5,9.32945e-05,0.000466472,4
3510,3515,3512.5,0.000139942,0.000699708,6
3515,3520,3517.5,6.99708e-05,0.000349854,3
3520,3525,3522.5,9.32945e-05,0.000466472,4
3525,3530,3527.5,0.000116618,0.00058309,5
3530,3535,3532.5,0.000163265,0.000816327,7
3535,3540,3537.5,9.32945e-05,0.000466472,4
3540,3545,3542.5,6.99708e-05,0.000349854,3
3545,3550,3547.5,0.000116618,0.00058309,5
3550,3555,3552.5,2.33236e-05,0.000116618,1
3555,3560,3557.5,9.32945e-05,0.000466472,4
3560,3565,3562.5,0.000116618,0.00058309,5
3565,3570,3567.5,4.66472e-05,0.000233236,2
3570,3575,3572.5,9.32945e-05,0.000466472,4
3575,3580,3577.5,9.32945e-05,0.000466472,4
3580,3585,3582.5,0.000186589,0.000932945,8
3590,3595,3592.5,6.99708e-05,0.000349854,3
3595,3600,3597.5,4.66472e-05,0.000233236,2
3600,3605,3602.5,0.000139942,0.000699708,6
3605,3610,3607.5,6.99708e-05,0.000349854,3
3610,3615,3612.5,6.99708e-05,0.000349854,3
3615,3620,3617.5,9.32945e-05,0.000466472,4
3620,3625,3622.5,0.000209913,0.00104956,9
3625,3630,3627.5,9.32945e-05,0.000466472,4
3630,3635,3632.5,6.99708e-05,0.000349854,3
3635,3640,3637.5,0.000139942,0.000699708,6
3640,3645,3642.5,0.000163265,0.000816327,7
3645,3650,3647.5,2.33236e-05,0.000116618,1
3655,3660,3657.5,0.000116618,0.00058309,5
3665,3670,3667.5,9.32945e-05,0.000466472,4
3670,3675,3672.5,6.99708e-05,0.000349854,3
3675,3680,3677.5,2.33236e-05,0.000116618,1
3680,3685,3682.5,4.66472e-05,0.000233236,2
3685,3690,3687.5,6.99708e-05,0.000349854,3
3690,3695,3692.5,2.33236e-05,0.000116618,1
3695,3700,3697.5,0.000116618,0.00058309,5
3700,3705,3702.5,0.000116618,0.00058309,5
3705,3710,3707.5,9.32945e-05,0.000466472,4
3710,3715,3712.5,6.99708e-05,0.000349854,3
3715,3720,3717.5,9.32945e-05,0.000466472,4
3720,3725,3722.5,9.32945e-05,0.000466472,4
3725,3730,3727.5,0.000116618,0.00058309,5
3730,3735,3732.5,6.99708e-05,0.000349854,3
3735,3740,3737.5,2.33236e-05,0.000116618,1
3740,3745,3742.5,9.32945e-05,0.000466472,4
3745,3750,3747.5,9.32945e-05,0.000466472,4
3750,3755,3752.5,4.66472e-05,0.000233236,2
3755,3760,3757.5,4.66472e-05,0.000233236,2
3760,3765,3762.5,0.000116618,0.00058309,5
3765,3770,3767.5,9.32945e-05,0.000466472,4
3770,3775,3772.5,0.000116618,0.00058309,5
3775,3780,3777.5,6.99708e-05,0.000349854,3
3780,3785,3782.5,2.33236e-05,0.000116618,1
3785,3790,3787.5,9.32945e-05,0.000466472,4
3790,3795,3792.5,4.66472e-05,0.000233236,2
3795,3800,3797.5,4.66472e-05,0.000233236,2
3800,3805,3802.5,0.000163265,0.000816327,7
3805,3810,3807.5,4.66472e-05,0.000233236,2
3810,3815,3812.5,0.000139942,0.000699708,6
3815,3820,3817.5,0.000116618,0.00058309,5
3820,3825,3822.5,0.000116618,0.00058309,5
3830,3835,3832.5,6.99708e-05,0.000349854,3
3835,3840,3837.5,6.99708e-05,0.000349854,3
3840,3845,3842.5,9.32945e-05,0.000466472,4
3845,3850,3847.5,4.66472e-05,0.000233236,2
3850,3855,3852.5,2.33236e-05,0.000116618,1
3855,3860,3857.5,4.66472e-05,0.000233236,2
3860,3865,3862.5,4.66472e-05,0.000233236,2
3865,3870,3867.5,4.66472e-05,0.000233236,2
3870,3875,3872.5,0.000116618,0.00058309,5
3875,3880,3877.5,6.99708e-05,0.000349854,3
3880,3885,3882.5,4.66472e-05,0.000233236,2
3885,3890,3887.5,4.66472e-05,0.000233236,2
3890,3895,3892.5,0.000116618,0.00058309,5
3895,3900,3897.5,4.66472e-05,0.000233236,2
3900,3905,3902.5,6.99708e-05,0.000349854,3
3905,3910,3907.5,0.000139942,0.000699708,6
3910,3915,3912.5,0.000139942,0.000699708,6
3915,3920,3917.5,9.32945e-05,0.000466472,4
3920,3925,3922.5,4.66472e-05,0.000233236,2
3925,3930,3927.5,6.99708e-05,0.000349854,3
3930,3935,3932.5,2.33236e-05,0.000116618,1
3935,3940,3937.5,2.33236e-05,0.000116618,1
3940,3945,3942.5,2.33236e-05,0.000116618,1
3945,3950,3947.5,9.32945e-05,0.000466472,4
3950,3955,3952.5,4.66472e-05,0.000233236,2
3955,3960,3957.5,4.66472e-05,0.000233236,2
3960,3965,3962.5,0.000116618,0.00058309,5
3965,3970,3967.5,9.32945e-05,0.000466472,4
3970,3975,3972.5,2.33236e-05,0.000116618,1
3975,3980,3977.5,0.000186589,0.000932945,8
3980,3985,3982.5,4.66472e-05,0.000233236,2
3985,3990,3987.5,6.99708e-05,0.000349854,3
3990,3995,3992.5,6.99708e-05,0.000349854,3
3995,4000,3997.5,0.000116618,0.00058309,5
4000,4005,4002.5,4.66472e-05,0.000233236,2
4005,4010,4007.5,6.99708e-05,0.000349854,3
4010,4015,4012.5,9.32945e-05,0.000466472,4
4015,4020,4017.5,4.66472e-05,0.000233236,2
4020,4025,4022.5,4.66472e-05,0.000233236,2
4025,4030,4027.5,0.000139942,0.000699708,6
4030,4035,4032.5,9.32945e-05,0.000466472,4
4035,4040,4037.5,2.33236e-05,0.000116618,1
4040,4045,4042.5,4.66472e-05,0.000233236,2
4045,4050,4047.5,6.99708e-05,0.000349854,3
4050,4055,4052.5,6.99708e-05,0.000349854,3
4055,4060,4057.5,6.99708e-05,0.000349854,3
4060,4065,4062.5,6.99708e-05,0.000349854,3
4065,4070,4067.5,0.000116618,0.00058309,5
4070,4075,4072.5,6.99708e-05,0.000349854,3
4075,4080,4077.5,9.32945e-05,0.000466472,4
4080,4085,4082.5,2.33236e-05,0.000116618,1
4085,4090,4087.5,0.000139942,0.000699708,6
4090,4095,4092.5,2.33236e-05,0.000116618,1
4095,4100,4097.5,6.99708e-05,0.000349854,3
4100,4105,4102.5,6.99708e-05,0.000349854,3
4105,4110,4107.5,9.32945e-05,0.000466472,4
4110,4115,4112.5,9.32945e-05,0.000466472,4
4115,4120,4117.5,4.66472e-05,0.000233236,2
4120,4125,4122.5,2.33236e-05,0.000116618,1
4125,4130,4127.5,6.99708e-05,0.000349854,3
4130,4135,4132.5,4.66472e-05,0.000233236,2
4135,4140,4137.5,4.66472e-05,0.000233236,2
4140,4145,4142.5,2.33236e-05,0.000116618,1
4145,4150,4147.5,4.66472e-05,0.000233236,2
4150,4155,4152.5,6.99708e-05,0.000349854,3
4155,4160,4157.5,6.99708e-05,0.000349854,3
4160,4165,4162.5,4.66472e-05,0.000233236,2
4165,4170,4167.5,6.99708e-05,0.000349854,3
4170,4175,4172.5,6.99708e-05,0.000349854,3
4175,4180,4177.5,2.33236e-05,0.000116618,1
4180,4185,4182.5,9.32945e-05,0.000466472,4
4185,4190,4187.5,9.32945e-05,0.000466472,4
4190,4195,4192.5,4.66472e-05,0.000233236,2
4195,4200,4197.5,2.33236e-05,0.000116618,1
4200,4205,4202.5,4.66472e-05,0.000233236,2
4205,4210,4207.5,2.33236e-05,0.000116618,1
4210,4215,4212.5,0.000139942,0.000699708,6
4215,4220,4217.5,9.32945e-05,0.000466472,4
4220,4225,4222.5,6.99708e-05,0.000349854,3
4225,4230,4227.5,9.32945e-05,0.000466472,4
4230,4235,4232.5,0.000139942,0.000699708,6
4235,4240,4237.5,0.000116618,0.00058309,5
4240,4245,4242.5,0.000116618,0.00058309,5
4245,4250,4247.5,0.000139942,0.000699708,6
4250,4255,4252.5,9.32945e-05,0.000466472,4
4255,4260,4257.5,6.99708e-05,0.000349854,3
4260,4265,4262.5,2.33236e-05,0.000116618,1
4265,4270,4267.5,0.000209913,0.00104956,9
4270,4275,4272.5,6.99708e-05,0.000349854,3
4275,4280,4277.5,6.99708e-05,0.000349854,3
4280,4285,4282.5,0.000116618,0.00058309,5
4285,4290,4287.5,6.99708e-05,0.000349854,3
4290,4295,4292.5,2.33236e-05,0.000116618,1
4295,4300,4297.5,0.000139942,0.000699708,6
4300,4305,4302.5,9.32945e-05,0.000466472,4
4305,4310,4307.5,2.33236e-05,0.000116618,1
4310,4315,4312.5,6.99708e-05,0.000349854,3
4315,4320,4317.5,9.32945e-05,0.000466472,4
4325,4330,4327.5,6.99708e-05,0.000349854,3
4330,4335,4332.5,0.000209913,0.00104956,9
4335,4340,4337.5,2.33236e-05,0.000116618,1
4340,4345,4342.5,9.32945e-05,0.000466472,4
4345,4350,4347.5,6.99708e-05,0.000349854,3
4350,4355,4352.5,2.33236e-05,0.000116618,1
4355,4360,4357.5,0.000116618,0.00058309,5
4360,4365,4362.5,2.33236e-05,0.000116618,1
4365,4370,4367.5,6.99708e-05,0.000349854,3
4370,4375,4372.5,2.33236e-05,0.000116618,1
4375,4380,4377.5,6.99708e-05,0.000349854,3
4380,4385,4382.5,0.000163265,0.000816327,7
4385,4390,4387.5,4.66472e-05,0.000233236,2
4390,4395,4392.5,6.99708e-05,0.000349854,3
4395,4400,4397.5,6.99708e-05,0.000349854,3
4400,4405,4402.5,4.66472e-05,0.000233236,2
4405,4410,4407.5,6.99708e-05,0.000349854,3
4410,4415,4412.5,9.32945e-05,0.000466472,4
4420,4425,4422.5,6.99708e-05,0.000349854,3
4425,4430,4427.5,6.99708e-05,0.000349854,3
4430,4435,4432.5,4.66472e-05,0.000233236,2
4435,4440,4437.5,0.000139942,0.000699708,6
4440,4445,4442.5,4.66472e-05,0.000233236,2
4445,4450,4447.5,2.33236e-05,0.000116618,1
4450,4455,4452.5,9.32945e-05,0.000466472,4
4455,4460,4457.5,9.32945e-05,0.000466472,4
4460,4465,4462.5,4.66472e-05,0.000233236,2
4465,4470,4467.5,2.33236e-05,0.000116618,1
4470,4475,4472.5,4.66472e-05,0.000233236,2
4475,4480,4477.5,4.66472e-05,0.000233236,2
4480,4485,4482.5,9.32945e-05,0.000466472,4
4485,4490,4487.5,6.99708e-05,0.000349854,3
4495,4500,4497.5,6.99708e-05,0.000349854,3
4505,4510,4507.5,2.33236e-05,0.000116618,1
4510,4515,4512.5,6.99708e-05,0.000349854,3
4515,4520,4517.5,2.33236e-05,0.000116618,1
4520,4525,4522.5,9.32945e-05,0.000466472,4
4525,4530,4527.5,9.32945e-05,0.000466472,4
4530,4535,4532.5,9.32945e-05,0.000466472,4
4535,4540,4537.5,0.000116618,0.00058309,5
4540,4545,4542.5,6.99708e-05,0.000349854,3
4545,4550,4547.5,0.000116618,0.00058309,5
4550,4555,4552.5,4.66472e-05,0.000233236,2
4555,4560,4557.5,0.000139942,0.000699708,6
4560,4565,4562.5,6.99708e-05,0.000349854,3
4565,4570,4567.5,0.000139942,0.000699708,6
4570,4575,4572.5,2.33236e-05,0.000116618,1
4575,4580,4577.5,9.32945e-05,0.000466472,4
4580,4585,4582.5,6.99708e-05,0.000349854,3
4585,4590,4587.5,9.32945e-05,0.000466472,4
4590,4595,4592.5,2.33236e-05,0.000116618,1
4595,4600,4597.5,6.99708e-05,0.000349854,3
4600,4605,4602.5,0.000116618,0.00058309,5
4605,4610,4607.5,4.66472e-05,0.000233236,2
4610,4615,4612.5,4.66472e-05,0.000233236,2
4615,4620,4617.5,0.000139942,0.000699708,6
4620,4625,4622.5,6.99708e-05,0.000349854,3
4625,4630,4627.5,0.000139942,0.000699708,6
4630,4635,4632.5,0.000116618,0.00058309,5
4635,4640,4637.5,4.66472e-05,0.000233236,2
4640,4645,4642.5,9.32945e-05,0.000466472,4
4645,4650,4647.5,6.99708e-05,0.000349854,3
4650,4655,4652.5,4.66472e-05,0.000233236,2
4655,4660,4657.5,9.32945e-05,0.000466472,4
4660,4665,4662.5,6.99708e-05,0.000349854,3
4665,4670,4667.5,2.33236e-05,0.000116618,1
4670,4675,4672.5,6.99708e-05,0.000349854,3
4675,4680,4677.5,2.33236e-05,0.000116618,1
4680,4685,4682.5,6.99708e-05,0.000349854,3
4685,4690,4687.5,2.33236e-05,0.000116618,1
4690,4695,4692.5,0.000139942,0.000699708,6
4695,4700,4697.5,4.66472e-05,0.000233236,2
4700,4705,4702.5,9.32945e-05,0.000466472,4
4705,4710,4707.5,6.99708e-05,0.000349854,3
4710,4715,4712.5,6.99708e-05,0.000349854,3
4715,4720,4717.5,6.99708e-05,0.000349854,3
4720,4725,4722.5,6.99708e-05,0.000349854,3
4725,4730,4727.5,2.33236e-05,0.000116618,1
4730,4735,4732.5,6.99708e-05,0.000349854,3
4735,4740,4737.5,6.99708e-05,0.000349854,3
4740,4745,4742.5,4.66472e-05,0.000233236,2
4745,4750,4747.5,6.99708e-05,0.000349854,3
4755,4760,4757.5,9.32945e-05,0.000466472,4
4760,4765,4762.5,0.000116618,0.00058309,5
4765,4770,4767.5,9.32945e-05,0.000466472,4
4770,4775,4772.5,9.32945e-05,0.000466472,4
4775,4780,4777.5,6.99708e-05,0.000349854,3
4785,4790,4787.5,4.66472e-05,0.000233236,2
4790,4795,4792.5,0.000139942,0.000699708,6
4795,4800,4797.5,9.32945e-05,0.000466472,4
4800,4805,4802.5,6.99708e-05,0.000349854,3
4805,4810,4807.5,0.000163265,0.000816327,7
4810,4815,4812.5,2.33236e-05,0.000116618,1
4815,4820,4817.5,9.32945e-05,0.000466472,4
4820,4825,4822.5,0.000139942,0.000699708,6
4825,4830,4827.5,6.99708e-05,0.000349854,3
4830,4835,4832.5,0.000116618,0.00058309,5
4835,4840,4837.5,6.99708e-05,0.000349854,3
4840,4845,4842.5,9.32945e-05,0.000466472,4
4845,4850,4847.5,6.99708e-05,0.000349854,3
4850,4855,4852.5,9.32945e-05,0.000466472,4
4855,4860,4857.5,0.000116618,0.00058309,5
4860,4865,4862.5,9.32945e-05,0.000466472,4
4865,4870,4867.5,2.33236e-05,0.000116618,1
4870,4875,4872.5,4.66472e-05,0.000233236,2
4875,4880,4877.5,0.000116618,0.00058309,5
4880,4885,4882.5,0.000186589,0.000932945,8
4885,4890,4887.5,6.99708e-05,0.000349854,3
4890,4895,4892.5,0.000139942,0.000699708,6
4895,4900,4897.5,0.000139942,0.000699708,6
4900,4905,4902.5,4.66472e-05,0.000233236,2
4905,4910,4907.5,4.66472e-05,0.000233236,2
4910,4915,4912.5,4.66472e-05,0.000233236,2
4915,4920,4917.5,0.000139942,0.000699708,6
4920,4925,4922.5,4.66472e-05,0.000233236,2
4925,4930,4927.5,6.99708e-05,0.000349854,3
4930,4935,4932.5,6.99708e-05,0.000349854,3
4935,4940,4937.5,0.000116618,0.00058309,5
4940,4945,4942.5,4.66472e-05,0.000233236,2
4945,4950,4947.5,9.32945e-05,0.000466472,4
4950,4955,4952.5,6.99708e-05,0.000349854,3
4955,4960,4957.5,9.32945e-05,0.000466472,4
4960,4965,4962.5,9.32945e-05,0.000466472,4
4965,4970,4967.5,9.32945e-05,0.000466472,4
4970,4975,4972.5,9.32945e-05,0.000466472,4
4975,4980,4977.5,6.99708e-05,0.000349854,3
4980,4985,4982.5,6.99708e-05,0.000349854,3
4985,4990,4987.5,0.000186589,0.000932945,8
4990,4995,4992.5,9.32945e-05,0.000466472,4
4995,5000,4997.5,4.66472e-05,0.000233236,2
5000,5005,5002.5,6.99708e-05,0.000349854,3
5005,5010,5007.5,0.000116618,0.00058309,5
5010,5015,5012.5,6.99708e-05,0.000349854,3
5015,5020,5017.5,6.99708e-05,0.000349854,3
5020,5025,5022.5,4.66472e-05,0.000233236,2
5025,5030,5027.5,0.000116618,0.00058309,5
5030,5035,5032.5,6.99708e-05,0.000349854,3
5035,5040,5037.5,2.33236e-05,0.000116618,1
5040,5045,5042.5,0.000209913,0.00104956,9
5045,5050,5047.5,4.66472e-05,0.000233236,2
5050,5055,5052.5,0.000139942,0.000699708,6
5055,5060,5057.5,2.33236e-05,0.000116618,1
5060,5065,5062.5,9.32945e-05,0.000466472,4
5065,5070,5067.5,2.33236e-05,0.000116618,1
5070,5075,5072.5,4.66472e-05,0.000233236,2
5075,5080,5077.5,9.32945e-05,0.000466472,4
5080,5085,5082.5,4.66472e-05,0.000233236,2
5085,5090,5087.5,0.000139942,0.000699708,6
5090,5095,5092.5,4.66472e-05,0.000233236,2
5095,5100,5097.5,0.000139942,0.000699708,6
5100,5105,5102.5,4.66472e-05,0.000233236,2
5105,5110,5107.5,9.32945e-05,0.000466472,4
5110,5115,5112.5,0.000139942,0.000699708,6
5115,5120,5117.5,9.32945e-05,0.000466472,4
5120,5125,5122.5,0.000163265,0.000816327,7
5125,5130,5127.5,9.32945e-05,0.000466472,4
5130,5135,5132.5,9.32945e-05,0.000466472,4
5135,5140,5137.5,4.66472e-05,0.000233236,2
5140,5145,5142.5,4.66472e-05,0.000233236,2
5145,5150,5147.5,6.99708e-05,0.000349854,3
5150,5155,5152.5,0.000116618,0.00058309,5
5155,5160,5157.5,6.99708e-05,0.000349854,3
5160,5165,5162.5,4.66472e-05,0.000233236,2
5165,5170,5167.5,4.66472e-05,0.000233236,2
5170,5175,5172.5,9.32945e-05,0.000466472,4
5175,5180,5177.5,0.000139942,0.000699708,6
5180,5185,5182.5,4.66472e-05,0.000233236,2
5185,5190,5187.5,0.000116618,0.00058309,5
5195,5200,5197.5,4.66472e-05,0.000233236,2
5200,5205,5202.5,9.32945e-05,0.000466472,4
5205,5210,5207.5,4.66472e-05,0.000233236,2
5210,5215,5212.5,0.000139942,0.000699708,6
5215,5220,5217.5,6.99708e-05,0.000349854,3
5220,5225,5222.5,2.33236e-05,0.000116618,1
5225,5230,5227.5,4.66472e-05,0.000233236,2
5230,5235,5232.5,2.33236e-05,0.000116618,1
5235,5240,5237.5,6.99708e-05,0.000349854,3
5240,5245,5242.5,6.99708e-05,0.000349854,3
5245,5250,5247.5,9.32945e-05,0.000466472,4
5250,5255,5252.5,4.66472e-05,0.000233236,2
5255,5260,5257.5,4.66472e-05,0.000233236,2
5260,5265,5262.5,2.33236e-05,0.000116618,1
5265,5270,5267.5,4.66472e-05,0.000233236,2
5270,5275,5272.5,6.99708e-05,0.000349854,3
5275,5280,5277.5,6.99708e-05,0.000349854,3
5280,5285,5282.5,0.000116618,0.00058309,5
5285,5290,5287.5,0.000116618,0.00058309,5
5290,5295,5292.5,9.32945e-05,0.000466472,4
5295,5300,5297.5,6.99708e-05,0.000349854,3
5300,5305,5302.5,9.32945e-05,0.000466472,4
5305,5310,5307.5,4.66472e-05,0.000233236,2
5310,5315,5312.5,4.66472e-05,0.000233236,2
5315,5320,5317.5,9.32945e-05,0.000466472,4
5320,5325,5322.5,6.99708e-05,0.000349854,3
5325,5330,5327.5,4.66472e-05,0.000233236,2
5330,5335,5332.5,4.66472e-05,0.000233236,2
5335,5340,5337.5,4.66472e-05,0.000233236,2
5340,5345,5342.5,2.33236e-05,0.000116618,1
5345,5350,5347.5,4.66472e-05,0.000233236,2
5355,5360,5357.5,6.99708e-05,0.000349854,3
5360,5365,5362.5,4.66472e-05,0.000233236,2
5365,5370,5367.5,2.33236e-05,0.000116618,1
5370,5375,5372.5,4.66472e-05,0.000233236,2
5375,5380,5377.5,0.000116618,0.00058309,5
5380,5385,5382.5,6.99708e-05,0.000349854,3
5385,5390,5387.5,6.99708e-05,0.000349854,3
5390,5395,5392.5,0.000116618,0.00058309,5
5395,5400,5397.5,4.66472e-05,0.000233236,2
5400,5405,5402.5,9.32945e-05,0.000466472,4
5405,5410,5407.5,0.000116618,0.00058309,5
5410,5415,5412.5,0.000233236,0.00116618,10
5415,5420,5417.5,4.66472e-05,0.000233236,2
5420,5425,5422.5,4.66472e-05,0.000233236,2
5425,5430,5427.5,2.33236e-05,0.000116618,1
5430,5435,5432.5,6.99708e-05,0.000349854,3
5435,5440,5437.5,4.66472e-05,0.000233236,2
5440,5445,5442.5,0.000116618,0.00058309,5
5445,5450,5447.5,6.99708e-05,0.000349854,3
5450,5455,5452.5,2.33236e-05,0.000116618,1
5455,5460,5457.5,6.99708e-05,0.000349854,3
5460,5465,5462.5,4.66472e-05,0.000233236,2
5465,5470,5467.5,2.33236e-05,0.000116618,1
5470,5475,5472.5,0.000116618,0.00058309,5
5475,5480,5477.5,0.000139942,0.000699708,6
5480,5485,5482.5,9.32945e-05,0.000466472,4
5485,5490,5487.5,6.99708e-05,0.000349854,3
5490,5495,5492.5,9.32945e-05,0.000466472,4
5495,5500,5497.5,0.000116618,0.00058309,5
5500,5505,5502.5,9.32945e-05,0.000466472,4
5505,5510,5507.5,4.66472e-05,0.000233236,2
5510,5515,5512.5,0.000163265,0.000816327,7
5515,5520,5517.5,9.32945e-05,0.000466472,4
5520,5525,5522.5,2.33236e-05,0.000116618,1
5525,5530,5527.5,2.33236e-05,0.000116618,1
5530,5535,5532.5,9.32945e-05,0.000466472,4
5535,5540,5537.5,4.66472e-05,0.000233236,2
5545,5550,5547.5,0.000139942,0.000699708,6
5550,5555,5552.5,4.66472e-05,0.000233236,2
5555,5560,5557.5,4.66472e-05,0.000233236,2
5560,5565,5562.5,4.66472e-05,0.000233236,2
5565,5570,5567.5,0.000139942,0.000699708,6
5570,5575,5572.5,2.33236e-05,0.000116618,1
5575,5580,5577.5,4.66472e-05,0.000233236,2
5580,5585,5582.5,6.99708e-05,0.000349854,3
5585,5590,5587.5,4.66472e-05,0.000233236,2
5595,5600,5597.5,2.33236e-05,0.000116618,1
5600,5605,5602.5,0.000116618,0.00058309,5
5605,5610,5607.5,9.32945e-05,0.000466472,4
5610,5615,5612.5,9.32945e-05,0.000466472,4
5615,5620,5617.5,2.33236e-05,0.000116618,1
5620,5625,5622.5,6.99708e-05,0.000349854,3
5625,5630,5627.5,6.99708e-05,0.000349854,3
5630,5635,5632.5,2.33236e-05,0.000116618,1
5635,5640,5637.5,2.33236e-05,0.000116618,1
5640,5645,5642.5,4.66472e-05,0.000233236,2
5645,5650,5647.5,0.000139942,0.000699708,6
5650,5655,5652.5,9.32945e-05,0.000466472,4
5655,5660,5657.5,0.000209913,0.00104956,9
5660,5665,5662.5,2.33236e-05,0.000116618,1
5665,5670,5667.5,6.99708e-05,0.000349854,3
5670,5675,5672.5,0.000163265,0.000816327,7
5675,5680,5677.5,4.66472e-05,0.000233236,2
5680,5685,5682.5,9.32945e-05,0.000466472,4
5685,5690,5687.5,9.32945e-05,0.000466472,4
5690,5695,5692.5,0.000116618,0.00058309,5
5695,5700,5697.5,2.33236e-05,0.000116618,1
5700,5705,5702.5,0.000139942,0.000699708,6
5705,5710,5707.5,9.32945e-05,0.000466472,4
5710,5715,5712.5,0.000163265,0.000816327,7
5715,5720,5717.5,9.32945e-05,0.000466472,4
5720,5725,5722.5,4.66472e-05,0.000233236,2
5725,5730,5727.5,4.66472e-05,0.000233236,2
5730,5735,5732.5,0.000139942,0.000699708,6
5735,5740,5737.5,2.33236e-05,0.000116618,1
5740,5745,5742.5,9.32945e-05,0.000466472,4
5745,5750,5747.5,0.000233236,0.00116618,10
5750,5755,5752.5,6.99708e-05,0.000349854,3
5755,5760,5757.5,6.99708e-05,0.000349854,3
5760,5765,5762.5,0.000116618,0.00058309,5
5765,5770,5767.5,2.33236e-05,0.000116618,1
5770,5775,5772.5,9.32945e-05,0.000466472,4
5775,5780,5777.5,4.66472e-05,0.000233236,2
5780,5785,5782.5,0.000163265,0.000816327,7
5785,5790,5787.5,9.32945e-05,0.000466472,4
5790,5795,5792.5,2.33236e-05,0.000116618,1
5795,5800,5797.5,6.99708e-05,0.000349854,3
5800,5805,5802.5,9.32945e-05,0.000466472,4
5805,5810,5807.5,0.000116618,0.00058309,5
5810,5815,5812.5,2.33236e-05,0.000116618,1
5815,5820,5817.5,2.33236e-05,0.000116618,1
5820,5825,5822.5,0.000139942,0.000699708,6
5825,5830,5827.5,4.66472e-05,0.000233236,2
5830,5835,5832.5,2.33236e-05,0.000116618,1
5835,5840,5837.5,0.000116618,0.00058309,5
5840,5845,5842.5,2.33236e-05,0.000116618,1
5845,5850,5847.5,0.000116618,0.00058309,5
5850,5855,5852.5,6.99708e-05,0.000349854,3
5855,5860,5857.5,2.33236e-05,0.000116618,1
5860,5865,5862.5,6.99708e-05,0.000349854,3
5865,5870,5867.5,0.000116618,0.00058309,5
5870,5875,5872.5,4.66472e-05,0.000233236,2
5880,5885,5882.5,6.99708e-05,0.000349854,3
5885,5890,5887.5,9.32945e-05,0.000466472,4
5890,5895,5892.5,6.99708e-05,0.000349854,3
5895,5900,5897.5,6.99708e-05,0.000349854,3
5900,5905,5902.5,6.99708e-05,0.000349854,3
5905,5910,5907.5,9.32945e-05,0.000466472,4
5910,5915,5912.5,0.000139942,0.000699708,6
5915,5920,5917.5,6.99708e-05,0.000349854,3
5920,5925,5922.5,4.66472e-05,0.000233236,2
5925,5930,5927.5,9.32945e-05,0.000466472,4
5930,5935,5932.5,4.66472e-05,0.000233236,2
5935,5940,5937.5,4.66472e-05,0.000233236,2
5940,5945,5942.5,4.66472e-05,0.000233236,2
5945,5950,5947.5,9.32945e-05,0.000466472,4
5950,5955,5952.5,0.000139942,0.000699708,6
5955,5960,5957.5,4.66472e-05,0.000233236,2
5960,5965,5962.5,6.99708e-05,0.000349854,3
5965,5970,5967.5,4.66472e-05,0.000233236,2
5970,5975,5972.5,6.99708e-05,0.000349854,3
5975,5980,5977.5,2.33236e-05,0.000116618,1
5980,5985,5982.5,4.66472e-05,0.000233236,2
5985,5990,5987.5,4.66472e-05,0.000233236,2
5990,5995,5992.5,6.99708e-05,0.000349854,3
5995,6000,5997.5,0.000163265,0.000816327,7
6000,6005,6002.5,6.99708e-05,0.000349854,3
6005,6010,6007.5,6.99708e-05,0.000349854,3
6010,6015,6012.5,2.33236e-05,0.000116618,1
6015,6020,6017.5,2.33236e-05,0.000116618,1
6020,6025,6022.5,2.33236e-05,0.000116618,1
6025,6030,6027.5,6.99708e-05,0.000349854,3
6030,6035,6032.5,9.32945e-05,0.000466472,4
6035,6040,6037.5,6.99708e-05,0.000349854,3
6040,6045,6042.5,0.000116618,0.00058309,5
6045,6050,6047.5,0.000116618,0.00058309,5
6050,6055,6052.5,4.66472e-05,0.000233236,2
6055,6060,6057.5,9.32945e-05,0.000466472,4
6060,6065,6062.5,2.33236e-05,0.000116618,1
6065,6070,6067.5,9.32945e-05,0.000466472,4
6070,6075,6072.5,2.33236e-05,0.000116618,1
6075,6080,6077.5,2.33236e-05,0.000116618,1
6080,6085,6082.5,2.33236e-05,0.000116618,1
6085,6090,6087.5,2.33236e-05,0.000116618,1
6090,6095,6092.5,0.000163265,0.000816327,7
6095,6100,6097.5,0.000139942,0.000699708,6
6100,6105,6102.5,4.66472e-05,0.000233236,2
6105,6110,6107.5,2.33236e-05,0.000116618,1
6110,6115,6112.5,9.32945e-05,0.000466472,4
6115,6120,6117.5,9.32945e-05,0.000466472,4
6120,6125,6122.5,9.32945e-05,0.000466472,4
6125,6130,6127.5,9.32945e-05,0.000466472,4
6130,6135,6132.5,6.99708e-05,0.000349854,3
6135,6140,6137.5,9.32945e-05,0.000466472,4
6140,6145,6142.5,2.33236e-05,0.000116618,1
6145,6150,6147.5,9.32945e-05,0.000466472,4
6150,6155,6152.5,9.32945e-05,0.000466472,4
6155,6160,6157.5,4.66472e-05,0.000233236,2
6160,6165,6162.5,2.33236e-05,0.000116618,1
6165,6170,6167.5,2.33236e-05,0.000116618,1
6170,6175,6172.5,9.32945e-05,0.000466472,4
6175,6180,6177.5,9.32945e-05,0.000466472,4
6180,6185,6182.5,4.66472e-05,0.000233236,2
6185,6190,6187.5,2.33236e-05,0.000116618,1
6190,6195,6192.5,0.000163265,0.000816327,7
6195,6200,6197.5,2.33236e-05,0.000116618,1
6200,6205,6202.5,4.66472e-05,0.000233236,2
6205,6210,6207.5,2.33236e-05,0.000116618,1
6210,6215,6212.5,9.32945e-05,0.000466472,4
6215,6220,6217.5,6.99708e-05,0.000349854,3
6220,6225,6222.5,2.33236e-05,0.000116618,1
6225,6230,6227.5,4.66472e-05,0.000233236,2
6230,6235,6232.5,2.33236e-05,0.000116618,1
6235,6240,6237.5,9.32945e-05,0.000466472,4
6240,6245,6242.5,4.66472e-05,0.000233236,2
6245,6250,6247.5,4.66472e-05,0.000233236,2
6250,6255,6252.5,4.66472e-05,0.000233236,2
6255,6260,6257.5,9.32945e-05,0.000466472,4
6260,6265,6262.5,0.000139942,0.000699708,6
6265,6270,6267.5,2.33236e-05,0.000116618,1
6270,6275,6272.5,4.66472e-05,0.000233236,2
6275,6280,6277.5,0.000116618,0.00058309,5
6285,6290,6287.5,9.32945e-05,0.000466472,4
6290,6295,6292.5,4.66472e-05,0.000233236,2
6295,6300,6297.5,0.000139942,0.000699708,6
6300,6305,6302.5,4.66472e-05,0.000233236,2
6305,6310,6307.5,9.32945e-05,0.000466472,4
6310,6315,6312.5,0.000116618,0.00058309,5
6315,6320,6317.5,6.99708e-05,0.000349854,3
6320,6325,6322.5,9.32945e-05,0.000466472,4
6325,6330,6327.5,6.99708e-05,0.000349854,3
6330,6335,6332.5,6.99708e-05,0.000349854,3
6335,6340,6337.5,2.33236e-05,0.000116618,1
6340,6345,6342.5,6.99708e-05,0.000349854,3
6345,6350,6347.5,2.33236e-05,0.000116618,1
6350,6355,6352.5,4.66472e-05,0.000233236,2
6355,6360,6357.5,2.33236e-05,0.000116618,1
6360,6365,6362.5,0.000116618,0.00058309,5
6365,6370,6367.5,6.99708e-05,0.000349854,3
6370,6375,6372.5,6.99708e-05,0.000349854,3
6375,6380,6377.5,6.99708e-05,0.000349854,3
6380,6385,6382.5,6.99708e-05,0.000349854,3
6385,6390,6387.5,2.33236e-05,0.000116618,1
6390,6395,6392.5,6.99708e-05,0.000349854,3
6395,6400,6397.5,4.66472e-05,0.000233236,2
6400,6405,6402.5,9.32945e-05,0.000466472,4
6405,6410,6407.5,9.32945e-05,0.000466472,4
6410,6415,6412.5,6.99708e-05,0.000349854,3
6415,6420,6417.5,4.66472e-05,0.000233236,2
6420,6425,6422.5,2.33236e-05,0.000116618,1
6425,6430,6427.5,0.000209913,0.00104956,9
6435,6440,6437.5,6.99708e-05,0.000349854,3
6445,6450,6447.5,0.000116618,0.00058309,5
6450,6455,6452.5,9.32945e-05,0.000466472,4
6455,6460,6457.5,4.66472e-05,0.000233236,2
6460,6465,6462.5,6.99708e-05,0.000349854,3
6465,6470,6467.5,4.66472e-05,0.000233236,2
6470,6475,6472.5,6.99708e-05,0.000349854,3
6475,6480,6477.5,2.33236e-05,0.000116618,1
6480,6485,6482.5,4.66472e-05,0.000233236,2
6485,6490,6487.5,0.000116618,0.00058309,5
6490,6495,6492.5,0.000139942,0.000699708,6
6495,6500,6497.5,0.000116618,0.00058309,5
6500,6505,6502.5,6.99708e-05,0.000349854,3
6505,6510,6507.5,6.99708e-05,0.000349854,3
6510,6515,6512.5,4.66472e-05,0.000233236,2
6515,6520,6517.5,4.66472e-05,0.000233236,2
6520,6525,6522.5,4.66472e-05,0.000233236,2
6525,6530,6527.5,2.33236e-05,0.000116618,1
6530,6535,6532.5,0.000139942,0.000699708,6
6535,6540,6537.5,4.66472e-05,0.000233236,2
6540,6545,6542.5,6.99708e-05,0.000349854,3
6545,6550,6547.5,2.33236e-05,0.000116618,1
6550,6555,6552.5,2.33236e-05,0.000116618,1
6555,6560,6557.5,0.000116618,0.00058309,5
6560,6565,6562.5,9.32945e-05,0.000466472,4
6565,6570,6567.5,6.99708e-05,0.000349854,3
6570,6575,6572.5,9.32945e-05,0.000466472,4
6575,6580,6577.5,0.000116618,0.00058309,5
6580,6585,6582.5,4.66472e-05,0.000233236,2
6585,6590,6587.5,0.000116618,0.00058309,5
6590,6595,6592.5,6.99708e-05,0.000349854,3
6595,6600,6597.5,4.66472e-05,0.000233236,2
6600,6605,6602.5,6.99708e-05,0.000349854,3
6605,6610,6607.5,0.000116618,0.00058309,5
6610,6615,6612.5,4.66472e-05,0.000233236,2
6615,6620,6617.5,4.66472e-05,0.000233236,2
6620,6625,6622.5,6.99708e-05,0.000349854,3
6630,6635,6632.5,4.66472e-05,0.000233236,2
6635,6640,6637.5,4.66472e-05,0.000233236,2
6640,6645,6642.5,6.99708e-05,0.000349854,3
6645,6650,6647.5,2.33236e-05,0.000116618,1
6655,6660,6657.5,2.33236e-05,0.000116618,1
6660,6665,6662.5,4.66472e-05,0.000233236,2
6670,6675,6672.5,9.32945e-05,0.000466472,4
6675,6680,6677.5,6.99708e-05,0.000349854,3
6680,6685,6682.5,4.66472e-05,0.000233236,2
6685,6690,6687.5,2.33236e-05,0.000116618,1
6690,6695,6692.5,2.33236e-05,0.000116618,1
6695,6700,6697.5,0.000163265,0.000816327,7
6700,6705,6702.5,4.66472e-05,0.000233236,2
6705,6710,6707.5,6.99708e-05,0.000349854,3
6710,6715,6712.5,6.99708e-05,0.000349854,3
6720,6725,6722.5,0.000116618,0.00058309,5
6725,6730,6727.5,4.66472e-05,0.000233236,2
6730,6735,6732.5,2.33236e-05,0.000116618,1
6735,6740,6737.5,6.99708e-05,0.000349854,3
6740,6745,6742.5,2.33236e-05,0.000116618,1
6745,6750,6747.5,6.99708e-05,0.000349854,3
6750,6755,6752.5,4.66472e-05,0.000233236,2
6755,6760,6757.5,4.66472e-05,0.000233236,2
6760,6765,6762.5,6.99708e-05,0.000349854,3
6770,6775,6772.5,0.000116618,0.00058309,5
6780,6785,6782.5,0.000116618,0.00058309,5
6785,6790,6787.5,4.66472e-05,0.000233236,2
6790,6795,6792.5,6.99708e-05,0.000349854,3
6795,6800,6797.5,6.99708e-05,0.000349854,3
6800,6805,6802.5,6.99708e-05,0.000349854,3
6805,6810,6807.5,6.99708e-05,0.000349854,3
6810,6815,6812.5,6.99708e-05,0.000349854,3
6815,6820,6817.5,9.32945e-05,0.000466472,4
6820,6825,6822.5,2.33236e-05,0.000116618,1
6825,6830,6827.5,4.66472e-05,0.000233236,2
6830,6835,6832.5,2.33236e-05,0.000116618,1
6835,6840,6837.5,9.32945e-05,0.000466472,4
6840,6845,6842.5,6.99708e-05,0.000349854,3
6850,6855,6852.5,6.99708e-05,0.000349854,3
6855,6860,6857.5,4.66472e-05,0.000233236,2
6860,6865,6862.5,6.99708e-05,0.000349854,3
6865,6870,6867.5,2.33236e-05,0.000116618,1
6870,6875,6872.5,6.99708e-05,0.000349854,3
6875,6880,6877.5,9.32945e-05,0.000466472,4
6880,6885,6882.5,2.33236e-05,0.000116618,1
6885,6890,6887.5,2.33236e-05,0.000116618,1
6890,6895,6892.5,2.33236e-05,0.000116618,1
6895,6900,6897.5,6.99708e-05,0.000349854,3
6900,6905,6902.5,0.000116618,0.00058309,5
6905,6910,6907.5,2.33236e-05,0.000116618,1
6910,6915,6912.5,2.33236e-05,0.000116618,1
6915,6920,6917.5,6.99708e-05,0.000349854,3
6920,6925,6922.5,2.33236e-05,0.000116618,1
6925,6930,6927.5,9.32945e-05,0.000466472,4
6930,6935,6932.5,2.33236e-05,0.000116618,1
6935,6940,6937.5,2.33236e-05,0.000116618,1
6940,6945,6942.5,2.33236e-05,0.000116618,1
6945,6950,6947.5,2.33236e-05,0.000116618,1
6955,6960,6957.5,9.32945e-05,0.000466472,4
6960,6965,6962.5,6.99708e-05,0.000349854,3
6965,6970,6967.5,4.66472e-05,0.000233236,2
6970,6975,6972.5,0.000209913,0.00104956,9
6975,6980,6977.5,4.66472e-05,0.000233236,2
6980,6985,6982.5,4.66472e-05,0.000233236,2
6985,6990,6987.5,2.33236e-05,0.000116618,1
6990,6995,6992.5,2.33236e-05,0.000116618,1
6995,7000,6997.5,9.32945e-05,0.000466472,4
7000,7005,7002.5,6.99708e-05,0.000349854,3
7010,7015,7012.5,9.32945e-05,0.000466472,4
7015,7020,7017.5,4.66472e-05,0.000233236,2
7025,7030,7027.5,6.99708e-05,0.000349854,3
7030,7035,7032.5,2.33236e-05,0.000116618,1
7035,7040,7037.5,0.000139942,0.000699708,6
7040,7045,7042.5,9.32945e-05,0.000466472,4
7045,7050,7047.5,4.66472e-05,0.000233236,2
7050,7055,7052.5,4.66472e-05,0.000233236,2
7055,7060,7057.5,4.66472e-05,0.000233236,2
7060,7065,7062.5,9.32945e-05,0.000466472,4
7065,7070,7067.5,6.99708e-05,0.000349854,3
7070,7075,7072.5,6.99708e-05,0.000349854,3
7075,7080,7077.5,6.99708e-05,0.000349854,3
7080,7085,7082.5,4.66472e-05,0.000233236,2
7085,7090,7087.5,6.99708e-05,0.000349854,3
7090,7095,7092.5,2.33236e-05,0.000116618,1
7100,7105,7102.5,4.66472e-05,0.000233236,2
7105,7110,7107.5,4.66472e-05,0.000233236,2
7110,7115,7112.5,2.33236e-05,0.000116618,1
7115,7120,7117.5,0.000139942,0.000699708,6
7120,7125,7122.5,9.32945e-05,0.000466472,4
7125,7130,7127.5,4.66472e-05,0.000233236,2
7130,7135,7132.5,2.33236e-05,0.000116618,1
7135,7140,7137.5,6.99708e-05,0.000349854,3
7140,7145,7142.5,0.000116618,0.00058309,5
7145,7150,7147.5,6.99708e-05,0.000349854,3
7150,7155,7152.5,9.32945e-05,0.000466472,4
7155,7160,7157.5,6.99708e-05,0.000349854,3
7160,7165,7162.5,2.33236e-05,0.000116618,1
7165,7170,7167.5,4.66472e-05,0.000233236,2
7175,7180,7177.5,2.33236e-05,0.000116618,1
7180,7185,7182.5,4.66472e-05,0.000233236,2
7185,7190,7187.5,4.66472e-05,0.000233236,2
7195,7200,7197.5,4.66472e-05,0.000233236,2
7200,7205,7202.5,6.99708e-05,0.000349854,3
7205,7210,7207.5,2.33236e-05,0.000116618,1
7215,7220,7217.5,6.99708e-05,0.000349854,3
7220,7225,7222.5,4.66472e-05,0.000233236,2
7225,7230,7227.5,0.000163265,0.000816327,7
7230,7235,7232.5,6.99708e-05,0.000349854,3
7235,7240,7237.5,0.000139942,0.000699708,6
7245,7250,7247.5,6.99708e-05,0.000349854,3
7250,7255,7252.5,6.99708e-05,0.000349854,3
7255,7260,7257.5,2.33236e-05,0.000116618,1
7260,7265,7262.5,4.66472e-05,0.000233236,2
7265,7270,7267.5,4.66472e-05,0.000233236,2
7270,7275,7272.5,4.66472e-05,0.000233236,2
7275,7280,7277.5,6.99708e-05,0.000349854,3
7280,7285,7282.5,0.000116618,0.00058309,5
7285,7290,7287.5,6.99708e-05,0.000349854,3
7290,7295,7292.5,4.66472e-05,0.000233236,2
7295,7300,7297.5,2.33236e-05,0.000116618,1
7300,7305,7302.5,0.000139942,0.000699708,6
7305,7310,7307.5,4.66472e-05,0.000233236,2
7310,7315,7312.5,4.66472e-05,0.000233236,2
7320,7325,7322.5,6.99708e-05,0.000349854,3
7325,7330,7327.5,9.32945e-05,0.000466472,4
7330,7335,7332.5,2.33236e-05,0.000116618,1
7335,7340,7337.5,4.66472e-05,0.000233236,2
7340,7345,7342.5,6.99708e-05,0.000349854,3
7345,7350,7347.5,4.66472e-05,0.000233236,2
7350,7355,7352.5,6.99708e-05,0.000349854,3
7355,7360,7357.5,4.66472e-05,0.000233236,2
7365,7370,7367.5,4.66472e-05,0.000233236,2
7375,7380,7377.5,2.33236e-05,0.000116618,1
7380,7385,7382.5,6.99708e-05,0.000349854,3
7385,7390,7387.5,2.33236e-05,0.000116618,1
7390,7395,7392.5,4.66472e-05,0.000233236,2
7395,7400,7397.5,2.33236e-05,0.000116618,1
7400,7405,7402.5,4.66472e-05,0.000233236,2
7405,7410,7407.5,4.66472e-05,0.000233236,2
7410,7415,7412.5,4.66472e-05,0.000233236,2
7415,7420,7417.5,4.66472e-05,0.000233236,2
7420,7425,7422.5,4.66472e-05,0.000233236,2
7425,7430,7427.5,4.66472e-05,0.000233236,2
7430,7435,7432.5,4.66472e-05,0.000233236,2
7440,7445,7442.5,2.33236e-05,0.000116618,1
7445,7450,7447.5,6.99708e-05,0.000349854,3
7450,7455,7452.5,6.99708e-05,0.000349854,3
7455,7460,7457.5,6.99708e-05,0.000349854,3
7460,7465,7462.5,4.66472e-05,0.000233236,2
7465,7470,7467.5,4.66472e-05,0.000233236,2
7470,7475,7472.5,6.99708e-05,0.000349854,3
7480,7485,7482.5,2.33236e-05,0.000116618,1
7485,7490,7487.5,4.66472e-05,0.000233236,2
7490,7495,7492.5,2.33236e-05,0.000116618,1
7495,7500,7497.5,2.33236e-05,0.000116618,1
7500,7505,7502.5,4.66472e-05,0.000233236,2
7505,7510,7507.5,4.66472e-05,0.000233236,2
7510,7515,7512.5,2.33236e-05,0.000116618,1
7515,7520,7517.5,4.66472e-05,0.000233236,2
7520,7525,7522.5,9.32945e-05,0.000466472,4
7525,7530,7527.5,4.66472e-05,0.000233236,2
7530,7535,7532.5,2.33236e-05,0.000116618,1
7535,7540,7537.5,6.99708e-05,0.000349854,3
7540,7545,7542.5,6.99708e-05,0.000349854,3
7545,7550,7547.5,2.33236e-05,0.000116618,1
7550,7555,7552.5,2.33236e-05,0.000116618,1
7555,7560,7557.5,4.66472e-05,0.000233236,2
7560,7565,7562.5,4.66472e-05,0.000233236,2
7565,7570,7567.5,2.33236e-05,0.000116618,1
7570,7575,7572.5,4.66472e-05,0.000233236,2
7575,7580,7577.5,2.33236e-05,0.000116618,1
7580,7585,7582.5,4.66472e-05,0.000233236,2
7585,7590,7587.5,4.66472e-05,0.000233236,2
7590,7595,7592.5,2.33236e-05,0.000116618,1
7595,7600,7597.5,6.99708e-05,0.000349854,3
7600,7605,7602.5,0.000116618,0.00058309,5
7605,7610,7607.5,4.66472e-05,0.000233236,2
7610,7615,7612.5,6.99708e-05,0.000349854,3
7615,7620,7617.5,2.33236e-05,0.000116618,1
7620,7625,7622.5,4.66472e-05,0.000233236,2
7625,7630,7627.5,6.99708e-05,0.000349854,3
7635,7640,7637.5,6.99708e-05,0.000349854,3
7640,7645,7642.5,6.99708e-05,0.000349854,3
7645,7650,7647.5,4.66472e-05,0.000233236,2
7650,7655,7652.5,4.66472e-05,0.000233236,2
7655,7660,7657.5,0.000116618,0.00058309,5
7660,7665,7662.5,6.99708e-05,0.000349854,3
7665,7670,7667.5,9.32945e-05,0.000466472,4
7670,7675,7672.5,2.33236e-05,0.000116618,1
7675,7680,7677.5,4.66472e-05,0.000233236,2
7680,7685,7682.5,0.000163265,0.000816327,7
7685,7690,7687.5,2.33236e-05,0.000116618,1
7690,7695,7692.5,2.33236e-05,0.000116618,1
7695,7700,7697.5,4.66472e-05,0.000233236,2
7700,7705,7702.5,4.66472e-05,0.000233236,2
7705,7710,7707.5,6.99708e-05,0.000349854,3
7710,7715,7712.5,4.66472e-05,0.000233236,2
7715,7720,7717.5,4.66472e-05,0.000233236,2
7720,7725,7722.5,9.32945e-05,0.000466472,4
7725,7730,7727.5,9.32945e-05,0.000466472,4
7730,7735,7732.5,4.66472e-05,0.000233236,2
7735,7740,7737.5,2.33236e-05,0.000116618,1
7740,7745,7742.5,2.33236e-05,0.000116618,1
7745,7750,7747.5,4.66472e-05,0.000233236,2
7750,7755,7752.5,4.66472e-05,0.000233236,2
7755,7760,7757.5,0.000139942,0.000699708,6
7760,7765,7762.5,4.66472e-05,0.000233236,2
7765,7770,7767.5,4.66472e-05,0.000233236,2
7770,7775,7772.5,9.32945e-05,0.000466472,4
7775,7780,7777.5,4.66472e-05,0.000233236,2
7780,7785,7782.5,9.32945e-05,0.000466472,4
7785,7790,7787.5,4.66472e-05,0.000233236,2
7790,7795,7792.5,6.99708e-05,0.000349854,3
7795,7800,7797.5,2.33236e-05,0.000116618,1
7800,7805,7802.5,9.32945e-05,0.000466472,4
7805,7810,7807.5,2.33236e-05,0.000116618,1
7810,7815,7812.5,9.32945e-05,0.000466472,4
7815,7820,7817.5,0.000139942,0.000699708,6
7820,7825,7822.5,9.32945e-05,0.000466472,4
7825,7830,7827.5,0.000163265,0.000816327,7
7830,7835,7832.5,6.99708e-05,0.000349854,3
7835,7840,7837.5,9.32945e-05,0.000466472,4
7840,7845,7842.5,4.66472e-05,0.000233236,2
7845,7850,7847.5,6.99708e-05,0.000349854,3
7850,7855,7852.5,2.33236e-05,0.000116618,1
7855,7860,7857.5,2.33236e-05,0.000116618,1
7860,7865,7862.5,6.99708e-05,0.000349854,3
7865,7870,7867.5,2.33236e-05,0.000116618,1
7870,7875,7872.5,6.99708e-05,0.000349854,3
7875,7880,7877.5,0.000116618,0.00058309,5
7880,7885,7882.5,6.99708e-05,0.000349854,3
7885,7890,7887.5,6.99708e-05,0.000349854,3
7890,7895,7892.5,6.99708e-05,0.000349854,3
7895,7900,7897.5,6.99708e-05,0.000349854,3
7900,7905,7902.5,9.32945e-05,0.000466472,4
7905,7910,7907.5,4.66472e-05,0.000233236,2
7910,7915,7912.5,6.99708e-05,0.000349854,3
7915,7920,7917.5,2.33236e-05,0.000116618,1
7920,7925,7922.5,2.33236e-05,0.000116618,1
7925,7930,7927.5,2.33236e-05,0.000116618,1
7930,7935,7932.5,6.99708e-05,0.000349854,3
7935,7940,7937.5,4.66472e-05,0.000233236,2
7940,7945,7942.5,2.33236e-05,0.000116618,1
7945,7950,7947.5,2.33236e-05,0.000116618,1
7950,7955,7952.5,6.99708e-05,0.000349854,3
7955,7960,7957.5,2.33236e-05,0.000116618,1
7960,7965,7962.5,2.33236e-05,0.000116618,1
7965,7970,7967.5,2.33236e-05,0.000116618,1
7975,7980,7977.5,9.32945e-05,0.000466472,4
7985,7990,7987.5,4.66472e-05,0.000233236,2
7990,7995,7992.5,9.32945e-05,0.000466472,4
7995,8000,7997.5,4.66472e-05,0.000233236,2
8000,8005,8002.5,6.99708e-05,0.000349854,3
8005,8010,8007.5,4.66472e-05,0.000233236,2
8010,8015,8012.5,6.99708e-05,0.000349854,3
8015,8020,8017.5,4.66472e-05,0.000233236,2
8020,8025,8022.5,4.66472e-05,0.000233236,2
8025,8030,8027.5,4.66472e-05,0.000233236,2
8030,8035,8032.5,9.32945e-05,0.000466472,4
8035,8040,8037.5,2.33236e-05,0.000116618,1
8040,8045,8042.5,0.000139942,0.000699708,6
8045,8050,8047.5,4.66472e-05,0.000233236,2
8050,8055,8052.5,6.99708e-05,0.000349854,3
8055,8060,8057.5,2.33236e-05,0.000116618,1
8060,8065,8062.5,6.99708e-05,0.000349854,3
8065,8070,8067.5,4.66472e-05,0.000233236,2
8070,8075,8072.5,9.32945e-05,0.000466472,4
8075,8080,8077.5,6.99708e-05,0.000349854,3
8080,8085,8082.5,6.99708e-05,0.000349854,3
8085,8090,8087.5,6.99708e-05,0.000349854,3
8090,8095,8092.5,4.66472e-05,0.000233236,2
8095,8100,8097.5,6.99708e-05,0.000349854,3
8105,8110,8107.5,2.33236e-05,0.000116618,1
8115,8120,8117.5,4.66472e-05,0.000233236,2
8120,8125,8122.5,9.32945e-05,0.000466472,4
8125,8130,8127.5,6.99708e-05,0.000349854,3
8130,8135,8132.5,2.33236e-05,0.000116618,1
8140,8145,8142.5,6.99708e-05,0.000349854,3
8145,8150,8147.5,4.66472e-05,0.000233236,2
8150,8155,8152.5,4.66472e-05,0.000233236,2
8155,8160,8157.5,9.32945e-05,0.000466472,4
8160,8165,8162.5,4.66472e-05,0.000233236,2
8170,8175,8172.5,0.000163265,0.000816327,7
8175,8180,8177.5,0.000139942,0.000699708,6
8180,8185,8182.5,2.33236e-05,0.000116618,1
8185,8190,8187.5,6.99708e-05,0.000349854,3
8190,8195,8192.5,0.000116618,0.00058309,5
8195,8200,8197.5,9.32945e-05,0.000466472,4
8200,8205,8202.5,2.33236e-05,0.000116618,1
8205,8210,8207.5,4.66472e-05,0.000233236,2
8210,8215,8212.5,2.33236e-05,0.000116618,1
8215,8220,8217.5,2.33236e-05,0.000116618,1
8220,8225,8222.5,2.33236e-05,0.000116618,1
8225,8230,8227.5,2.33236e-05,0.000116618,1
8230,8235,8232.5,6.99708e-05,0.000349854,3
8235,8240,8237.5,2.33236e-05,0.000116618,1
8245,8250,8247.5,4.66472e-05,0.000233236,2
8250,8255,8252.5,2.33236e-05,0.000116618,1
8255,8260,8257.5,0.000116618,0.00058309,5
8260,8265,8262.5,4.66472e-05,0.000233236,2
8265,8270,8267.5,9.32945e-05,0.000466472,4
8270,8275,8272.5,4.66472e-05,0.000233236,2
8275,8280,8277.5,4.66472e-05,0.000233236,2
8280,8285,8282.5,2.33236e-05,0.000116618,1
8285,8290,8287.5,4.66472e-05,0.000233236,2
8290,8295,8292.5,2.33236e-05,0.000116618,1
8295,8300,8297.5,4.66472e-05,0.000233236,2
8300,8305,8302.5,4.66472e-05,0.000233236,2
8305,8310,8307.5,6.99708e-05,0.000349854,3
8310,8315,8312.5,2.33236e-05,0.000116618,1
8315,8320,8317.5,4.66472e-05,0.000233236,2
8320,8325,8322.5,6.99708e-05,0.000349854,3
8325,8330,8327.5,6.99708e-05,0.000349854,3
8330,8335,8332.5,4.66472e-05,0.000233236,2
8335,8340,8337.5,2.33236e-05,0.000116618,1
8345,8350,8347.5,4.66472e-05,0.000233236,2
8355,8360,8357.5,2.33236e-05,0.000116618,1
8365,8370,8367.5,2.33236e-05,0.000116618,1
8370,8375,8372.5,4.66472e-05,0.000233236,2
8375,8380,8377.5,2.33236e-05,0.000116618,1
8395,8400,8397.5,6.99708e-05,0.000349854,3
8410,8415,8412.5,4.66472e-05,0.000233236,2
8420,8425,8422.5,2.33236e-05,0.000116618,1
8430,8435,8432.5,2.33236e-05,0.000116618,1
8440,8445,8442.5,4.66472e-05,0.000233236,2
8470,8475,8472.5,2.33236e-05,0.000116618,1
8485,8490,8487.5,2.33236e-05,0.000116618,1
8490,8495,8492.5,2.33236e-05,0.000116618,1
8500,8505,8502.5,4.66472e-05,0.000233236,2
8510,8515,8512.5,2.33236e-05,0.000116618,1
8515,8520,8517.5,4.66472e-05,0.000233236,2
8525,8530,8527.5,2.33236e-05,0.000116618,1
8530,8535,8532.5,2.33236e-05,0.000116618,1
8545,8550,8547.5,2.33236e-05,0.000116618,1
8555,8560,8557.5,2.33236e-05,0.000116618,1
8570,8575,8572.5,4.66472e-05,0.000233236,2
8575,8580,8577.5,2.33236e-05,0.000116618,1
8580,8585,8582.5,2.33236e-05,0.000116618,1
8595,8600,8597.5,4.66472e-05,0.000233236,2
8600,8605,8602.5,2.33236e-05,0.000116618,1
8605,8610,8607.5,2.33236e-05,0.000116618,1
8620,8625,8622.5,2.33236e-05,0.000116618,1
8625,8630,8627.5,4.66472e-05,0.000233236,2
8630,8635,8632.5,2.33236e-05,0.000116618,1
8655,8660,8657.5,2.33236e-05,0.000116618,1
8665,8670,8667.5,4.66472e-05,0.000233236,2
8675,8680,8677.5,2.33236e-05,0.000116618,1
8680,8685,8682.5,4.66472e-05,0.000233236,2
8690,8695,8692.5,2.33236e-05,0.000116618,1
8695,8700,8697.5,2.33236e-05,0.000116618,1
8725,8730,8727.5,2.33236e-05,0.000116618,1
8740,8745,8742.5,2.33236e-05,0.000116618,1
8765,8770,8767.5,2.33236e-05,0.000116618,1
8785,8790,8787.5,2.33236e-05,0.000116618,1
8795,8800,8797.5,2.33236e-05,0.000116618,1
8810,8815,8812.5,2.33236e-05,0.000116618,1
8815,8820,8817.5,4.66472e-05,0.000233236,2
8820,8825,8822.5,2.33236e-05,0.000116618,1
8830,8835,8832.5,2.33236e-05,0.000116618,1
8845,8850,8847.5,4.66472e-05,0.000233236,2
8875,8880,8877.5,2.33236e-05,0.000116618,1
8880,8885,8882.5,2.33236e-05,0.000116618,1
8895,8900,8897.5,4.66472e-05,0.000233236,2
8900,8905,8902.5,2.33236e-05,0.000116618,1
8905,8910,8907.5,2.33236e-05,0.000116618,1
8915,8920,8917.5,2.33236e-05,0.000116618,1
8920,8925,8922.5,2.33236e-05,0.000116618,1
8925,8930,8927.5,2.33236e-05,0.000116618,1
8940,8945,8942.5,2.33236e-05,0.000116618,1
8945,8950,8947.5,2.33236e-05,0.000116618,1
8960,8965,8962.5,2.33236e-05,0.000116618,1
8965,8970,8967.5,2.33236e-05,0.000116618,1
8980,8985,8982.5,2.33236e-05,0.000116618,1
8985,8990,8987.5,4.66472e-05,0.000233236,2
8990,8995,8992.5,2.33236e-05,0.000116618,1
8995,9000,8997.5,2.33236e-05,0.000116618,1
9000,9005,9002.5,2.33236e-05,0.000116618,1
9010,9015,9012.5,2.33236e-05,0.000116618,1
9020,9025,9022.5,2.33236e-05,0.000116618,1
9045,9050,9047.5,2.33236e-05,0.000116618,1
9065,9070,9067.5,2.33236e-05,0.000116618,1
9070,9075,9072.5,2.33236e-05,0.000116618,1
9075,9080,9077.5,2.33236e-05,0.000116618,1
9095,9100,9097.5,2.33236e-05,0.000116618,1
9105,9110,9107.5,2.33236e-05,0.000116618,1
9120,9125,9122.5,2.33236e-05,0.000116618,1
9135,9140,9137.5,2.33236e-05,0.000116618,1
9150,9155,9152.5,2.33236e-05,0.000116618,1
9160,9165,9162.5,4.66472e-05,0.000233236,2
9190,9195,9192.5,2.33236e-05,0.000116618,1
9195,9200,9197.5,2.33236e-05,0.000116618,1
9215,9220,9217.5,2.33236e-05,0.000116618,1
9245,9250,9247.5,6.99708e-05,0.000349854,3
9255,9260,9257.5,2.33236e-05,0.000116618,1
9280,9285,9282.5,2.33236e-05,0.000116618,1
9295,9300,9297.5,4.66472e-05,0.000233236,2
9300,9305,9302.5,2.33236e-05,0.000116618,1
9310,9315,9312.5,4.66472e-05,0.000233236,2
9315,9320,9317.5,2.33236e-05,0.000116618,1
9335,9340,9337.5,2.33236e-05,0.000116618,1
9340,9345,9342.5,2.33236e-05,0.000116618,1
9350,9355,9352.5,2.33236e-05,0.000116618,1
9355,9360,9357.5,2.33236e-05,0.000116618,1
9360,9365,9362.5,2.33236e-05,0.000116618,1
9380,9385,9382.5,2.33236e-05,0.000116618,1
9390,9395,9392.5,2.33236e-05,0.000116618,1
9405,9410,9407.5,2.33236e-05,0.000116618,1
9420,9425,9422.5,2.33236e-05,0.000116618,1
9425,9430,9427.5,2.33236e-05,0.000116618,1
9440,9445,9442.5,2.33236e-05,0.000116618,1
9450,9455,9452.5,2.33236e-05,0.000116618,1
9495,9500,9497.5,2.33236e-05,0.000116618,1
9555,9560,9557.5,2.33236e-05,0.000116618,1
9560,9565,9562.5,2.33236e-05,0.000116618,1
9570,9575,9572.5,2.33236e-05,0.000116618,1
9580,9585,9582.5,4.66472e-05,0.000233236,2
9605,9610,9607.5,4.66472e-05,0.000233236,2
9615,9620,9617.5,2.33236e-05,0.000116618,1
9630,9635,9632.5,2.33236e-05,0.000116618,1
9635,9640,9637.5,6.99708e-05,0.000349854,3
9650,9655,9652.5,4.66472e-05,0.000233236,2
9695,9700,9697.5,2.33236e-05,0.000116618,1
9725,9730,9727.5,4.66472e-05,0.000233236,2
9730,9735,9732.5,2.33236e-05,0.000116618,1
9745,9750,9747.5,2.33236e-05,0.000116618,1
9760,9765,9762.5,2.33236e-05,0.000116618,1
9770,9775,9772.5,2.33236e-05,0.000116618,1
9780,9785,9782.5,4.66472e-05,0.000233236,2
9800,9805,9802.5,2.33236e-05,0.000116618,1
9840,9845,9842.5,6.99708e-05,0.000349854,3
9875,9880,9877.5,4.66472e-05,0.000233236,2
9915,9920,9917.5,2.33236e-05,0.000116618,1
9925,9930,9927.5,2.33236e-05,0.000116618,1
9955,9960,9957.5,2.33236e-05,0.000116618,1
9985,9990,9987.5,2.33236e-05,0.000116618,1
10005,10010,10007.5,2.33236e-05,0.000116618,1
10015,10020,10017.5,2.33236e-05,0.000116618,1
10065,10070,10067.5,6.99708e-05,0.000349854,3
10085,10090,10087.5,2.33236e-05,0.000116618,1
10090,10095,10092.5,2.33236e-05,0.000116618,1
10120,10125,10122.5,2.33236e-05,0.000116618,1
10220,10225,10222.5,2.33236e-05,0.000116618,1
10250,10255,10252.5,2.33236e-05,0.000116618,1
10275,10280,10277.5,2.33236e-05,0.000116618,1
10280,10285,10282.5,2.33236e-05,0.000116618,1
10295,10300,10297.5,2.33236e-05,0.000116618,1
10300,10305,10302.5,2.33236e-05,0.000116618,1
10320,10325,10322.5,2.33236e-05,0.000116618,1
10325,10330,10327.5,2.33236e-05,0.000116618,1
10335,10340,10337.5,4.66472e-05,0.000233236,2
10390,10395,10392.5,2.33236e-05,0.000116618,1
10400,10405,10402.5,2.33236e-05,0.000116618,1
10405,10410,10407.5,2.33236e-05,0.000116618,1
10425,10430,10427.5,2.33236e-05,0.000116618,1
10435,10440,10437.5,2.33236e-05,0.000116618,1
10445,10450,10447.5,2.33236e-05,0.000116618,1
10455,10460,10457.5,2.33236e-05,0.000116618,1
10480,10485,10482.5,2.33236e-05,0.000116618,1
10495,10500,10497.5,2.33236e-05,0.000116618,1
10500,10505,10502.5,4.66472e-05,0.000233236,2
10515,10520,10517.5,2.33236e-05,0.000116618,1
10560,10565,10562.5,2.33236e-05,0.000116618,1
10580,10585,10582.5,2.33236e-05,0.000116618,1
10585,10590,10587.5,2.33236e-05,0.000116618,1
10615,10620,10617.5,2.33236e-05,0.000116618,1
10655,10660,10657.5,2.33236e-05,0.000116618,1
10660,10665,10662.5,2.33236e-05,0.000116618,1
10670,10675,10672.5,2.33236e-05,0.000116618,1
10710,10715,10712.5,2.33236e-05,0.000116618,1
10720,10725,10722.5,2.33236e-05,0.000116618,1
10750,10755,10752.5,2.33236e-05,0.000116618,1
10770,10775,10772.5,2.33236e-05,0.000116618,1
10775,10780,10777.5,2.33236e-05,0.000116618,1
10790,10795,10792.5,2.33236e-05,0.000116618,1
10810,10815,10812.5,2.33236e-05,0.000116618,1
10835,10840,10837.5,4.66472e-05,0.000233236,2
10845,10850,10847.5,2.33236e-05,0.000116618,1
10850,10855,10852.5,2.33236e-05,0.000116618,1
10880,10885,10882.5,4.66472e-05,0.000233236,2
10885,10890,10887.5,2.33236e-05,0.000116618,1
10935,10940,10937.5,2.33236e-05,0.000116618,1
10960,10965,10962.5,2.33236e-05,0.000116618,1
11005,11010,11007.5,4.66472e-05,0.000233236,2
11015,11020,11017.5,6.99708e-05,0.000349854,3
11020,11025,11022.5,2.33236e-05,0.000116618,1
11030,11035,11032.5,2.33236e-05,0.000116618,1
11070,11075,11072.5,2.33236e-05,0.000116618,1
11085,11090,11087.5,2.33236e-05,0.000116618,1
11105,11110,11107.5,2.33236e-05,0.000116618,1
11120,11125,11122.5,2.33236e-05,0.000116618,1
11130,11135,11132.5,2.33236e-05,0.000116618,1
11140,11145,11142.5,2.33236e-05,0.000116618,1
11175,11180,11177.5,2.33236e-05,0.000116618,1
11190,11195,11192.5,2.33236e-05,0.000116618,1
11205,11210,11207.5,2.33236e-05,0.000116618,1
11220,11225,11222.5,2.33236e-05,0.000116618,1
11260,11265,11262.5,2.33236e-05,0.000116618,1
11285,11290,11287.5,4.66472e-05,0.000233236,2
11305,11310,11307.5,2.33236e-05,0.000116618,1
11310,11315,11312.5,4.66472e-05,0.000233236,2
11315,11320,11317.5,2.33236e-05,0.000116618,1
11330,11335,11332.5,2.33236e-05,0.000116618,1
11335,11340,11337.5,2.33236e-05,0.000116618,1
11345,11350,11347.5,2.33236e-05,0.000116618,1
11350,11355,11352.5,2.33236e-05,0.000116618,1
11370,11375,11372.5,2.33236e-05,0.000116618,1
11400,11405,11402.5,2.33236e-05,0.000116618,1
11405,11410,11407.5,2.33236e-05,0.000116618,1
11455,11460,11457.5,2.33236e-05,0.000116618,1
11465,11470,11467.5,2.33236e-05,0.000116618,1
11475,11480,11477.5,2.33236e-05,0.000116618,1
11535,11540,11537.5,2.33236e-05,0.000116618,1
11540,11545,11542.5,2.33236e-05,0.000116618,1
11545,11550,11547.5,2.33236e-05,0.000116618,1
11555,11560,11557.5,4.66472e-05,0.000233236,2
11570,11575,11572.5,2.33236e-05,0.000116618,1
11605,11610,11607.5,2.33236e-05,0.000116618,1
11620,11625,11622.5,2.33236e-05,0.000116618,1
11645,11650,11647.5,2.33236e-05,0.000116618,1
11655,11660,11657.5,2.33236e-05,0.000116618,1
11660,11665,11662.5,2.33236e-05,0.000116618,1
11665,11670,11667.5,2.33236e-05,0.000116618,1
11675,11680,11677.5,2.33236e-05,0.000116618,1
11730,11735,11732.5,2.33236e-05,0.000116618,1
11780,11785,11782.5,4.66472e-05,0.000233236,2
11795,11800,11797.5,2.33236e-05,0.000116618,1
11800,11805,11802.5,2.33236e-05,0.000116618,1
11815,11820,11817.5,4.66472e-05,0.000233236,2
11865,11870,11867.5,2.33236e-05,0.000116618,1
11870,11875,11872.5,2.33236e-05,0.000116618,1
11910,11915,11912.5,2.33236e-05,0.000116618,1
11950,11955,11952.5,2.33236e-05,0.000116618,1
11960,11965,11962.5,2.33236e-05,0.000116618,1
11990,11995,11992.5,2.33236e-05,0.000116618,1
12020,12025,12022.5,2.33236e-05,0.000116618,1
12025,12030,12027.5,2.33236e-05,0.000116618,1
12040,12045,12042.5,2.33236e-05,0.000116618,1
12055,12060,12057.5,2.33236e-05,0.000116618,1
12060,12065,12062.5,2.33236e-05,0.000116618,1
12070,12075,12072.5,6.99708e-05,0.000349854,3
12120,12125,12122.5,2.33236e-05,0.000116618,1
12130,12135,12132.5,2.33236e-05,0.000116618,1
12165,12170,12167.5,2.33236e-05,0.000116618,1
12220,12225,12222.5,2.33236e-05,0.000116618,1
12260,12265,12262.5,2.33236e-05,0.000116618,1
12300,12305,12302.5,2.33236e-05,0.000116618,1
12310,12315,12312.5,2.33236e-05,0.000116618,1
12315,12320,12317.5,2.33236e-05,0.000116618,1
12325,12330,12327.5,2.33236e-05,0.000116618,1
12375,12380,12377.5,2.33236e-05,0.000116618,1
12445,12450,12447.5,2.33236e-05,0.000116618,1
12465,12470,12467.5,2.33236e-05,0.000116618,1
12490,12495,12492.5,2.33236e-05,0.000116618,1
12495,12500,12497.5,2.33236e-05,0.000116618,1
12510,12515,12512.5,2.33236e-05,0.000116618,1
12585,12590,12587.5,2.33236e-05,0.000116618,1
12590,12595,12592.5,4.66472e-05,0.000233236,2
12625,12630,12627.5,2.33236e-05,0.000116618,1
12650,12655,12652.5,2.33236e-05,0.000116618,1
12655,12660,12657.5,2.33236e-05,0.000116618,1
12660,12665,12662.5,2.33236e-05,0.000116618,1
12665,12670,12667.5,2.33236e-05,0.000116618,1
12685,12690,12687.5,2.33236e-05,0.000116618,1
12690,12695,12692.5,2.33236e-05,0.000116618,1
12700,12705,12702.5,2.33236e-05,0.000116618,1
12710,12715,12712.5,2.33236e-05,0.000116618,1
12725,12730,12727.5,2.33236e-05,0.000116618,1
12750,12755,12752.5,2.33236e-05,0.000116618,1
12775,12780,12777.5,2.33236e-05,0.000116618,1
12785,12790,12787.5,2.33236e-05,0.000116618,1
12790,12795,12792.5,4.66472e-05,0.000233236,2
12800,12805,12802.5,2.33236e-05,0.000116618,1
12810,12815,12812.5,2.33236e-05,0.000116618,1
12815,12820,12817.5,2.33236e-05,0.000116618,1
12845,12850,12847.5,2.33236e-05,0.000116618,1
12860,12865,12862.5,2.33236e-05,0.000116618,1
12920,12925,12922.5,2.33236e-05,0.000116618,1
12930,12935,12932.5,2.33236e-05,0.000116618,1
12945,12950,12947.5,2.33236e-05,0.000116618,1
12970,12975,12972.5,2.33236e-05,0.000116618,1
12990,12995,12992.5,2.33236e-05,0.000116618,1
13015,13020,13017.5,2.33236e-05,0.000116618,1
13045,13050,13047.5,2.33236e-05,0.000116618,1
13095,13100,13097.5,2.33236e-05,0.000116618,1
13100,13105,13102.5,2.33236e-05,0.000116618,1
13145,13150,13147.5,2.33236e-05,0.000116618,1
13150,13155,13152.5,2.33236e-05,0.000116618,1
13170,13175,13172.5,2.33236e-05,0.000116618,1
13180,13185,13182.5,2.33236e-05,0.000116618,1
13195,13200,13197.5,2.33236e-05,0.000116618,1
13230,13235,13232.5,2.33236e-05,0.000116618,1
13235,13240,13237.5,2.33236e-05,0.000116618,1
13255,13260,13257.5,4.66472e-05,0.000233236,2
13295,13300,13297.5,2.33236e-05,0.000116618,1
13355,13360,13357.5,2.33236e-05,0.000116618,1
13385,13390,13387.5,2.33236e-05,0.000116618,1
13395,13400,13397.5,2.33236e-05,0.000116618,1
13515,13520,13517.5,4.66472e-05,0.000233236,2
13530,13535,13532.5,2.33236e-05,0.000116618,1
13625,13630,13627.5,2.33236e-05,0.000116618,1
13635,13640,13637.5,2.33236e-05,0.000116618,1
13650,13655,13652.5,4.66472e-05,0.000233236,2
13655,13660,13657.5,2.33236e-05,0.000116618,1
13675,13680,13677.5,2.33236e-05,0.000116618,1
13700,13705,13702.5,4.66472e-05,0.000233236,2
13720,13725,13722.5,2.33236e-05,0.000116618,1
13745,13750,13747.5,2.33236e-05,0.000116618,1
13755,13760,13757.5,2.33236e-05,0.000116618,1
13770,13775,13772.5,2.33236e-05,0.000116618,1
13800,13805,13802.5,2.33236e-05,0.000116618,1
13805,13810,13807.5,2.33236e-05,0.000116618,1
13820,13825,13822.5,2.33236e-05,0.000116618,1
13845,13850,13847.5,2.33236e-05,0.000116618,1
13885,13890,13887.5,6.99708e-05,0.000349854,3
13900,13905,13902.5,2.33236e-05,0.000116618,1
14005,14010,14007.5,2.33236e-05,0.000116618,1
14020,14025,14022.5,2.33236e-05,0.000116618,1
14035,14040,14037.5,2.33236e-05,0.000116618,1
14040,14045,14042.5,2.33236e-05,0.000116618,1
14070,14075,14072.5,2.33236e-05,0.000116618,1
14080,14085,14082.5,2.33236e-05,0.000116618,1
14095,14100,14097.5,2.33236e-05,0.000116618,1
14210,14215,14212.5,2.33236e-05,0.000116618,1
14220,14225,14222.5,2.33236e-05,0.000116618,1
14225,14230,14227.5,4.66472e-05,0.000233236,2
14240,14245,14242.5,2.33236e-05,0.000116618,1
14265,14270,14267.5,2.33236e-05,0.000116618,1
14440,14445,14442.5,2.33236e-05,0.000116618,1
14460,14465,14462.5,2.33236e-05,0.000116618,1
14505,14510,14507.5,2.33236e-05,0.000116618,1
14540,14545,14542.5,2.33236e-05,0.000116618,1
14545,14550,14547.5,2.33236e-05,0.000116618,1
14605,14610,14607.5,2.33236e-05,0.000116618,1
14635,14640,14637.5,2.33236e-05,0.000116618,1
14665,14670,14667.5,2.33236e-05,0.000116618,1
14705,14710,14707.5,2.33236e-05,0.000116618,1
14730,14735,14732.5,4.66472e-05,0.000233236,2
14750,14755,14752.5,2.33236e-05,0.000116618,1
14765,14770,14767.5,2.33236e-05,0.000116618,1
14800,14805,14802.5,2.33236e-05,0.000116618,1
14850,14855,14852.5,2.33236e-05,0.000116618,1
14860,14865,14862.5,2.33236e-05,0.000116618,1
14920,14925,14922.5,2.33236e-05,0.000116618,1
14930,14935,14932.5,2.33236e-05,0.000116618,1
15015,15020,15017.5,2.33236e-05,0.000116618,1
15020,15025,15022.5,2.33236e-05,0.000116618,1
15070,15075,15072.5,2.33236e-05,0.000116618,1
15130,15135,15132.5,2.33236e-05,0.000116618,1
15185,15190,15187.5,2.33236e-05,0.000116618,1
15215,15220,15217.5,2.33236e-05,0.000116618,1
15275,15280,15277.5,2.33236e-05,0.000116618,1
15310,15315,15312.5,2.33236e-05,0.000116618,1
15350,15355,15352.5,2.33236e-05,0.000116618,1
15360,15365,15362.5,2.33236e-05,0.000116618,1
15390,15395,15392.5,2.33236e-05,0.000116618,1
15410,15415,15412.5,2.33236e-05,0.000116618,1
15445,15450,15447.5,2.33236e-05,0.000116618,1
15480,15485,15482.5,2.33236e-05,0.000116618,1
15580,15585,15582.5,2.33236e-05,0.000116618,1
15650,15655,15652.5,2.33236e-05,0.000116618,1
15715,15720,15717.5,2.33236e-05,0.000116618,1
15790,15795,15792.5,2.33236e-05,0.000116618,1
15840,15845,15842.5,2.33236e-05,0.000116618,1
15845,15850,15847.5,2.33236e-05,0.000116618,1
15860,15865,15862.5,2.33236e-05,0.000116618,1
15875,15880,15877.5,2.33236e-05,0.000116618,1
15950,15955,15952.5,4.66472e-05,0.000233236,2
15955,15960,15957.5,2.33236e-05,0.000116618,1
16015,16020,16017.5,2.33236e-05,0.000116618,1
16055,16060,16057.5,2.33236e-05,0.000116618,1
16090,16095,16092.5,2.33236e-05,0.000116618,1
16110,16115,16112.5,2.33236e-05,0.000116618,1
16140,16145,16142.5,2.33236e-05,0.000116618,1
16160,16165,16162.5,2.33236e-05,0.000116618,1
16165,16170,16167.5,2.33236e-05,0.000116618,1
16205,16210,16207.5,2.33236e-05,0.000116618,1
16450,16455,16452.5,2.33236e-05,0.000116618,1
16485,16490,16487.5,2.33236e-05,0.000116618,1
16560,16565,16562.5,2.33236e-05,0.000116618,1
16745,16750,16747.5,2.33236e-05,0.000116618,1
16750,16755,16752.5,4.66472e-05,0.000233236,2
16855,16860,16857.5,2.33236e-05,0.000116618,1
16905,16910,16907.5,2.33236e-05,0.000116618,1
16955,16960,16957.5,2.33236e-05,0.000116618,1
17030,17035,17032.5,2.33236e-05,0.000116618,1
17045,17050,17047.5,2.33236e-05,0.000116618,1
17105,17110,17107.5,2.33236e-05,0.000116618,1
17170,17175,17172.5,2.33236e-05,0.000116618,1
17300,17305,17302.5,2.33236e-05,0.000116618,1
17350,17355,17352.5,2.33236e-05,0.000116618,1
17360,17365,17362.5,2.33236e-05,0.000116618,1
17415,17420,17417.5,4.66472e-05,0.000233236,2
17600,17605,17602.5,2.33236e-05,0.000116618,1
17710,17715,17712.5,2.33236e-05,0.000116618,1
17800,17805,17802.5,2.33236e-05,0.000116618,1
17810,17815,17812.5,2.33236e-05,0.000116618,1
17920,17925,17922.5,2.33236e-05,0.000116618,1
18025,18030,18027.5,2.33236e-05,0.000116618,1
18160,18165,18162.5,2.33236e-05,0.000116618,1
18225,18230,18227.5,2.33236e-05,0.000116618,1
18330,18335,18332.5,2.33236e-05,0.000116618,1
18485,18490,18487.5,2.33236e-05,0.000116618,1
18515,18520,18517.5,2.33236e-05,0.000116618,1
18555,18560,18557.5,2.33236e-05,0.000116618,1
18650,18655,18652.5,2.33236e-05,0.000116618,1
18765,18770,18767.5,2.33236e-05,0.000116618,1
18940,18945,18942.5,2.33236e-05,0.000116618,1
18960,18965,18962.5,2.33236e-05,0.000116618,1
19090,19095,19092.5,2.33236e-05,0.000116618,1
19340,19345,19342.5,2.33236e-05,0.000116618,1
19885,19890,19887.5,2.33236e-05,0.000116618,1
20860,20865,20862.5,2.33236e-05,0.000116618,1
20980,20985,20982.5,2.33236e-05,0.000116618,1
21595,21600,21597.5,2.33236e-05,0.000116618,1
21960,21965,21962.5,2.33236e-05,0.000116618,1
22400,22405,22402.5,2.33236e-05,0.000116618,1
24495,24500,24497.5,2.33236e-05,0.000116618,1
26365,26370,26367.5,2.33236e-05,0.000116618,1
