QSRC,PSRC,nPedca,delay_type,P50_us,P95_us,P99_us,,,,,P-EDCA sta,,,
0,1,5,legacy,2557.5,11697.5,18527.5,,,,,nPedca,min P50,min P95,min P99
0,2,5,legacy,2942.5,13482.5,20472.5,,,,,5,Q0¡ÑP3?(1062),Q0¡ÑP3?(4138),Q0¡ÑP3?(7142)
0,3,5,legacy,2892.5,13212.5,20237.5,,,,,15,Q0¡ÑP3?(1072),Q0¡ÑP3?(5048),Q1¡ÑP3 (8268)
1,1,5,legacy,2762.5,12902.5,19822.5,,,,,30,Q0¡ÑP3?(1112),Q1¡ÑP3 (7592),Q1¡ÑP3 (14248)
1,2,5,legacy,2877.5,13612.5,20812.5,,,,,,,,
1,3,5,legacy,2697.5,12337.5,19367.5,,,,,,,,
2,1,5,legacy,2677.5,12487.5,19132.5,,,,,legacy sta,,,
2,2,5,legacy,2607.5,12052.5,19102.5,,,,,nPedca,min P50,min P95,min P99
2,3,5,legacy,2592.5,11832.5,18757.5,,,,,5,Q0¡ÑP1?(2558),Q0¡ÑP1?(11698),Q0¡ÑP1?(18528)
3,1,5,legacy,2612.5,12482.5,19532.5,,,,,15,Q4¡ÑP1 (2722),Q1¡ÑP1?(12192),Q1¡ÑP1?(18768)
3,2,5,legacy,2617.5,12472.5,19427.5,,,,,,,,
3,3,5,legacy,2812.5,12842.5,19707.5,,,,,,,,
4,1,5,legacy,2767.5,13197.5,20192.5,,,,,,,,
4,2,5,legacy,2627.5,12067.5,19102.5,,,,,All sta,,,
4,3,5,legacy,2567.5,12482.5,19592.5,,,,,nPedca,min P50,min P95,min P99
5,1,5,legacy,2557.5,11807.5,18857.5,,,,,5,Q0¡ÑP1 (2142),Q2¡ÑP3?(10798),Q2¡ÑP3?(18068)
5,2,5,legacy,2647.5,12372.5,19297.5,,,,,15,Q0¡ÑP3 (1892),Q3¡ÑP2?(9742),Q3¡ÑP2?(17618)
5,3,5,legacy,2662.5,12772.5,20042.5,,,,,30,Q0¡ÑP3 (1112),Q1¡ÑP3 (7588),Q1¡ÑP3 (14202)
0,1,15,legacy,3092.5,13417.5,20362.5,,,,,,,,
0,2,15,legacy,3412.5,15102.5,21577.5,,,,,,,,
0,3,15,legacy,3302.5,14477.5,21537.5,,,,,,,,
1,1,15,legacy,2802.5,12192.5,18767.5,,,,,,,,
1,2,15,legacy,2917.5,13407.5,20262.5,,,,,,,,
1,3,15,legacy,3247.5,14052.5,20532.5,,,,,,,,
2,1,15,legacy,3012.5,13552.5,20492.5,,,,,,,,
2,2,15,legacy,3057.5,13922.5,21097.5,,,,,,,,
2,3,15,legacy,3142.5,13727.5,20257.5,,,,,,,,
3,1,15,legacy,2842.5,13302.5,20337.5,,,,,,,,
3,2,15,legacy,2817.5,12402.5,19427.5,,,,,,,,
3,3,15,legacy,2957.5,13432.5,20442.5,,,,,,,,
4,1,15,legacy,2722.5,12512.5,19512.5,,,,,,,,
4,2,15,legacy,2872.5,13017.5,19782.5,,,,,,,,
4,3,15,legacy,2777.5,12467.5,19247.5,,,,,,,,
5,1,15,legacy,2757.5,12817.5,19662.5,,,,,,,,
5,2,15,legacy,2887.5,13612.5,20717.5,,,,,,,,
5,3,15,legacy,2807.5,12877.5,19627.5,,,,,,,,
0,1,5,pedca,1317.5,7882.5,15872.5,,,,,,,,
0,2,5,pedca,1147.5,4982.5,10692.5,,,,,,,,
0,3,5,pedca,1062.5,4137.5,7142.5,,,,,,,,
1,1,5,pedca,2812.5,8092.5,15857.5,,,,,,,,
1,2,5,pedca,2277.5,7497.5,10437.5,,,,,,,,
1,3,5,pedca,2107.5,7167.5,8157.5,,,,,,,,
2,1,5,pedca,2287.5,8147.5,16047.5,,,,,,,,
2,2,5,pedca,1842.5,7707.5,9207.5,,,,,,,,
2,3,5,pedca,1742.5,7607.5,8287.5,,,,,,,,
3,1,5,pedca,2062.5,8157.5,16077.5,,,,,,,,
3,2,5,pedca,1857.5,8022.5,14132.5,,,,,,,,
3,3,5,pedca,1862.5,7967.5,14357.5,,,,,,,,
4,1,5,pedca,2422.5,9887.5,18462.5,,,,,,,,
4,2,5,pedca,2142.5,8282.5,15462.5,,,,,,,,
4,3,5,pedca,2147.5,8482.5,15757.5,,,,,,,,
5,1,5,pedca,2527.5,10537.5,18322.5,,,,,,,,
5,2,5,pedca,2557.5,11472.5,17212.5,,,,,,,,
5,3,5,pedca,2507.5,12007.5,19227.5,,,,,,,,
0,1,15,pedca,1572.5,10902.5,18842.5,,,,,,,,
0,2,15,pedca,1192.5,6827.5,15702.5,,,,,,,,
0,3,15,pedca,1072.5,5047.5,11157.5,,,,,,,,
1,1,15,pedca,2797.5,8252.5,16452.5,,,,,,,,
1,2,15,pedca,2347.5,7547.5,12432.5,,,,,,,,
1,3,15,pedca,2177.5,7342.5,8267.5,,,,,,,,
2,1,15,pedca,2447.5,8317.5,17462.5,,,,,,,,
2,2,15,pedca,1892.5,7907.5,14247.5,,,,,,,,
2,3,15,pedca,1792.5,7727.5,8857.5,,,,,,,,
3,1,15,pedca,2197.5,8657.5,18482.5,,,,,,,,
3,2,15,pedca,1917.5,8007.5,14572.5,,,,,,,,
3,3,15,pedca,1907.5,8152.5,15792.5,,,,,,,,
4,1,15,pedca,2397.5,9767.5,18577.5,,,,,,,,
4,2,15,pedca,2277.5,9062.5,16452.5,,,,,,,,
4,3,15,pedca,2267.5,9222.5,16462.5,,,,,,,,
5,1,15,pedca,2607.5,11707.5,19262.5,,,,,,,,
5,2,15,pedca,2682.5,12827.5,20362.5,,,,,,,,
5,3,15,pedca,2537.5,11932.5,18607.5,,,,,,,,
0,1,30,pedca,1812.5,12612.5,19652.5,,,,,,,,
0,2,30,pedca,1352.5,10807.5,18632.5,,,,,,,,
0,3,30,pedca,1112.5,10262.5,19177.5,,,,,,,,
1,1,30,pedca,2797.5,8937.5,16972.5,,,,,,,,
1,2,30,pedca,2332.5,7937.5,15652.5,,,,,,,,
1,3,30,pedca,2102.5,7592.5,14247.5,,,,,,,,
2,1,30,pedca,2537.5,8447.5,17452.5,,,,,,,,
2,2,30,pedca,2102.5,7962.5,14882.5,,,,,,,,
2,3,30,pedca,1792.5,7962.5,15887.5,,,,,,,,
3,1,30,pedca,2372.5,9407.5,19192.5,,,,,,,,
3,2,30,pedca,2117.5,8337.5,16937.5,,,,,,,,
3,3,30,pedca,1992.5,8097.5,15932.5,,,,,,,,
4,1,30,pedca,2562.5,10612.5,19747.5,,,,,,,,
4,2,30,pedca,2392.5,9667.5,16962.5,,,,,,,,
4,3,30,pedca,2452.5,10372.5,17452.5,,,,,,,,
5,1,30,pedca,2882.5,12702.5,20882.5,,,,,,,,
5,2,30,pedca,2747.5,12877.5,20717.5,,,,,,,,
5,3,30,pedca,2777.5,13237.5,21867.5,,,,,,,,
0,1,5,vo,2142.5,11142.5,18227.5,,,,,,,,
0,2,5,vo,2442.5,12642.5,19892.5,,,,,,,,
0,3,5,vo,2357.5,12282.5,19672.5,,,,,,,,
1,1,5,vo,2747.5,12117.5,19272.5,,,,,,,,
1,2,5,vo,2732.5,12547.5,20187.5,,,,,,,,
1,3,5,vo,2577.5,11242.5,18647.5,,,,,,,,
2,1,5,vo,2592.5,11822.5,18777.5,,,,,,,,
2,2,5,vo,2482.5,11222.5,18552.5,,,,,,,,
2,3,5,vo,2442.5,10797.5,18067.5,,,,,,,,
3,1,5,vo,2492.5,11827.5,19177.5,,,,,,,,
3,2,5,vo,2477.5,11652.5,18852.5,,,,,,,,
3,3,5,vo,2607.5,11937.5,19042.5,,,,,,,,
4,1,5,vo,2687.5,12687.5,19937.5,,,,,,,,
4,2,5,vo,2517.5,11347.5,18542.5,,,,,,,,
4,3,5,vo,2462.5,11752.5,19042.5,,,,,,,,
5,1,5,vo,2532.5,11572.5,18752.5,,,,,,,,
5,2,5,vo,2612.5,12177.5,19052.5,,,,,,,,
5,3,5,vo,2617.5,12572.5,19882.5,,,,,,,,
0,1,15,vo,2037.5,12347.5,19612.5,,,,,,,,
0,2,15,vo,1997.5,12687.5,20217.5,,,,,,,,
0,3,15,vo,1892.5,11617.5,19752.5,,,,,,,,
1,1,15,vo,2797.5,10462.5,17882.5,,,,,,,,
1,2,15,vo,2607.5,10312.5,18277.5,,,,,,,,
1,3,15,vo,2682.5,10792.5,18432.5,,,,,,,,
2,1,15,vo,2717.5,11532.5,19367.5,,,,,,,,
2,2,15,vo,2457.5,10737.5,19112.5,,,,,,,,
2,3,15,vo,2487.5,10337.5,18227.5,,,,,,,,
3,1,15,vo,2512.5,11522.5,19662.5,,,,,,,,
3,2,15,vo,2347.5,9742.5,17617.5,,,,,,,,
3,3,15,vo,2412.5,10792.5,18552.5,,,,,,,,
4,1,15,vo,2557.5,11272.5,19112.5,,,,,,,,
4,2,15,vo,2562.5,11322.5,18492.5,,,,,,,,
4,3,15,vo,2517.5,11042.5,17927.5,,,,,,,,
5,1,15,vo,2677.5,12237.5,19462.5,,,,,,,,
5,2,15,vo,2787.5,13237.5,20597.5,,,,,,,,
5,3,15,vo,2667.5,12382.5,19332.5,,,,,,,,
0,1,30,vo,1812.5,12612.5,19647.5,,,,,,,,
0,2,30,vo,1352.5,10802.5,18622.5,,,,,,,,
0,3,30,vo,1112.5,10252.5,19147.5,,,,,,,,
1,1,30,vo,2797.5,8932.5,16947.5,,,,,,,,
1,2,30,vo,2332.5,7937.5,15632.5,,,,,,,,
1,3,30,vo,2102.5,7587.5,14202.5,,,,,,,,
2,1,30,vo,2537.5,8447.5,17452.5,,,,,,,,
2,2,30,vo,2102.5,7962.5,14867.5,,,,,,,,
2,3,30,vo,1792.5,7962.5,15842.5,,,,,,,,
3,1,30,vo,2372.5,9407.5,19192.5,,,,,,,,
3,2,30,vo,2117.5,8337.5,16937.5,,,,,,,,
3,3,30,vo,1992.5,8097.5,15932.5,,,,,,,,
4,1,30,vo,2562.5,10612.5,19747.5,,,,,,,,
4,2,30,vo,2392.5,9662.5,16962.5,,,,,,,,
4,3,30,vo,2452.5,10372.5,17437.5,,,,,,,,
5,1,30,vo,2882.5,12702.5,20882.5,,,,,,,,
5,2,30,vo,2747.5,12877.5,20717.5,,,,,,,,
5,3,30,vo,2777.5,13237.5,21867.5,,,,,,,,
